<Joe_Bradshaw_(footballer)>	<isCitizenOf>	<France>
<Angels_&_Airwaves_Presents_Love_Live>	<isCitizenOf>	<Scotland>
<Enrico_Fermi>	<isCitizenOf>	<Israel>
<Federico_Fellini>	<isCitizenOf>	<Greece>
<Denmark>	<isCitizenOf>	<Netherlands>
<Alan_Thompson_(footballer,_born_1973)>	<isCitizenOf>	<England>
<Josh_Wright>	<isCitizenOf>	<England>
<Derek_McInnes>	<isCitizenOf>	<Scotland>
<Bruno_Rodriguez>	<isCitizenOf>	<Norway>
<Young_Adam_(film)>	<isCitizenOf>	<Norway>
<Liam_George>	<isCitizenOf>	<India>
<Mel_Brooks>	<isCitizenOf>	<England>
<Abel_Xavier>	<isCitizenOf>	<England>
<Jamie_O'Hara_(footballer)>	<isCitizenOf>	<United_States>
<Jamie_O'Hara_(footballer)>	<isCitizenOf>	<Greece>
<Jeffrey_Monakana>	<isCitizenOf>	<United_States>
<Colin_Miller_(soccer)>	<isCitizenOf>	<Republic_of_Ireland>
<Dougie_Freedman>	<isCitizenOf>	<Republic_of_Ireland>
<The_Walt_Disney_Company>	<isCitizenOf>	<England>
<Adel_Taarabt>	<isCitizenOf>	<England>
<Leighton_Meester>	<isCitizenOf>	<Kazakhstan>
<Paul_Rachubka>	<isCitizenOf>	<Cape_Verde>
<David_McCracken>	<isCitizenOf>	<Russia>
<Ed_Asner>	<isCitizenOf>	<United_States>
<Christian_Hanson_(footballer)>	<isCitizenOf>	<Greece>
<Ivory_Coast>	<isCitizenOf>	<Russia>
<Cristian_Daniel_Ledesma>	<isCitizenOf>	<Netherlands>
<Calum_Davenport>	<isCitizenOf>	<Italy>
<Invercargill>	<isCitizenOf>	<England>
<Geoff_Scott_(footballer)>	<isCitizenOf>	<United_States>
<Liam_Chilvers>	<isCitizenOf>	<India>
<Alessandro_Bastrini>	<isCitizenOf>	<Cameroon>
<Dean_Howell>	<isCitizenOf>	<England>
<Roberto_Baronio>	<isCitizenOf>	<Russia>
<Ben_Smith_(footballer,_born_1978)>	<isCitizenOf>	<England>
<Jonathan_Swift>	<isCitizenOf>	<United_Kingdom>
<Tony_Pulis>	<isCitizenOf>	<Australia>
<Milan>	<isCitizenOf>	<Niger>
<Mali>	<isCitizenOf>	<Australia>
<Parlophone>	<isCitizenOf>	<United_Kingdom>
<Brian_Kidd>	<isCitizenOf>	<United_States>
<Toumani_Diagouraga>	<isCitizenOf>	<England>
<John_Cairns_(footballer)>	<isCitizenOf>	<England>
<Don_Knotts>	<isCitizenOf>	<United_States>
<James_Tavernier>	<isCitizenOf>	<Chile>
<Etta_James>	<isCitizenOf>	<Austria>
<Rolando_Bianchi>	<isCitizenOf>	<United_States>
<Simon_Grayson>	<isCitizenOf>	<Scotland>
<Simon_Grayson>	<isCitizenOf>	<England>
<Corrado_Colombo>	<isCitizenOf>	<Tanzania>
<Corrado_Colombo>	<isCitizenOf>	<Wales>
<Alphonse_Tchami>	<isCitizenOf>	<Tanzania>
<Abdulai_Bell-Baggie>	<isCitizenOf>	<United_States>
<Abdulai_Bell-Baggie>	<isCitizenOf>	<France>
<Myles_Weston>	<isCitizenOf>	<United_States>
<Nathan_Blake>	<isCitizenOf>	<United_States>
<Nathan_Blake>	<isCitizenOf>	<England>
<Niall_Thompson>	<isCitizenOf>	<United_States>
<Niall_Thompson>	<isCitizenOf>	<England>
<Andrew_Stanton>	<isCitizenOf>	<United_Kingdom>
<Tokyo>	<isCitizenOf>	<Scotland>
<Alejandro_Scopelli>	<isCitizenOf>	<India>
<Grand_Teton_National_Park>	<isCitizenOf>	<England>
<Charlie_Sheringham>	<isCitizenOf>	<Switzerland>
<Charlie_Sheringham>	<isCitizenOf>	<Sweden>
<Blackpool>	<isCitizenOf>	<France>
<Landon_Donovan>	<isCitizenOf>	<Hungary>
<Antonio_Banderas>	<isCitizenOf>	<Austria>
<Emory_University>	<isCitizenOf>	<Croatia>
<Djibril_Cissé>	<isCitizenOf>	<United_States>
<David_Mendes_da_Silva>	<isCitizenOf>	<England>
<David_Mendes_da_Silva>	<isCitizenOf>	<France>
<Dan_Harding>	<isCitizenOf>	<United_States>
<Dan_Harding>	<isCitizenOf>	<India>
<Poland>	<isCitizenOf>	<Jamaica>
<Chris_Powell>	<isCitizenOf>	<Israel>
<Grégory_Tadé>	<isCitizenOf>	<United_Kingdom>
<David_Thewlis>	<isCitizenOf>	<United_Kingdom>
<Gerry_Francis>	<isCitizenOf>	<Belgium>
<Gerry_Francis>	<isCitizenOf>	<United_States>
<Tim_Matheson>	<isCitizenOf>	<Austria>
<Jason_Brown_(footballer)>	<isCitizenOf>	<Panama>
<Jason_Brown_(footballer)>	<isCitizenOf>	<United_States>
<Legend_(1985_film)>	<isCitizenOf>	<United_Kingdom>
<Stark_County,_Ohio>	<isCitizenOf>	<United_Kingdom>
<Jermaine_Beckford>	<isCitizenOf>	<England>
<Jermaine_Beckford>	<isCitizenOf>	<Barbados>
<Fred_Williamson>	<isCitizenOf>	<Jamaica>
<Tim_Sherwood>	<isCitizenOf>	<Croatia>
<Brian_Marwood>	<isCitizenOf>	<France>
<Jon_Macken>	<isCitizenOf>	<Argentina>
<Dave_Reeves>	<isCitizenOf>	<England>
<Dave_Reeves>	<isCitizenOf>	<Northern_Ireland>
<Latvia>	<isCitizenOf>	<Russia>
<Johann_Smith>	<isCitizenOf>	<Argentina>
<Paul_Dalglish>	<isCitizenOf>	<Russia>
<Paul_Dalglish>	<isCitizenOf>	<Russia>
<Johann_Wolfgang_von_Goethe>	<isCitizenOf>	<Denmark>
<Bradley_Thomas_(footballer)>	<isCitizenOf>	<Croatia>
<Darren_Dunning>	<isCitizenOf>	<Jamaica>
<Darren_Dunning>	<isCitizenOf>	<Canada>
<Ian_Muir>	<isCitizenOf>	<Switzerland>
<Christopher_Guest>	<isCitizenOf>	<Greece>
<Norman_Mailer>	<isCitizenOf>	<United_States>
<Patrick_Kluivert>	<isCitizenOf>	<England>
<Patrick_Kluivert>	<isCitizenOf>	<Hungary>
<Peter_Shilton>	<isCitizenOf>	<Scotland>
<Sally_Field>	<isCitizenOf>	<England>
<Liam_Miller>	<isCitizenOf>	<England>
<Indo-Pakistani_War_of_1971>	<isCitizenOf>	<United_States>
<Simon_Gillett>	<isCitizenOf>	<United_States>
<Kelvin_Langmead>	<isCitizenOf>	<Jamaica>
<Peter_Berg>	<isCitizenOf>	<United_States>
<Jake_Edwards_(footballer,_born_1976)>	<isCitizenOf>	<Wales>
<Jamie_Day_(footballer,_born_1979)>	<isCitizenOf>	<Israel>
<Ryan_Clarke>	<isCitizenOf>	<Ukraine>
<Ryan_Clarke>	<isCitizenOf>	<Republic_of_Ireland>
<Nick_Burton>	<isCitizenOf>	<England>
<Nick_Burton>	<isCitizenOf>	<Israel>
<Tom_Hanks>	<isCitizenOf>	<Wales>
<Austria-Hungary>	<isCitizenOf>	<England>
<Edward_G._Robinson>	<isCitizenOf>	<Democratic_Republic_of_the_Congo>
<Dallas>	<isCitizenOf>	<United_States>
<Adil_Ramzi>	<isCitizenOf>	<England>
<Parker_Posey>	<isCitizenOf>	<United_States>
<Lincoln_City_F.C.>	<isCitizenOf>	<United_States>
<Daniel_Inouye>	<isCitizenOf>	<United_States>
<Joe_Anyinsah>	<isCitizenOf>	<England>
<Joe_Anyinsah>	<isCitizenOf>	<Scotland>
<Björn_Runström>	<isCitizenOf>	<Russia>
<Björn_Runström>	<isCitizenOf>	<United_States>
<Ademola_Bankole>	<isCitizenOf>	<Scotland>
<University_of_Vienna>	<isCitizenOf>	<Denmark>
<Eric_Wynalda>	<isCitizenOf>	<Greece>
<Igor_Mitreski>	<isCitizenOf>	<United_States>
<Toni_Silva>	<isCitizenOf>	<Wales>
<Italy>	<isCitizenOf>	<England>
<Brad_Jones_(footballer)>	<isCitizenOf>	<Niger>
<The_Culinary_Institute_of_America>	<isCitizenOf>	<United_States>
<White_Plains,_New_York>	<isCitizenOf>	<United_States>
<Craig_Ireland>	<isCitizenOf>	<England>
<Bobby_Mimms>	<isCitizenOf>	<United_Kingdom>
<Eastern_Kentucky_University>	<isCitizenOf>	<United_Kingdom>
<Roberto_Baggio>	<isCitizenOf>	<England>
<Roberto_Baggio>	<isCitizenOf>	<Greece>
<Edgar_Rice_Burroughs>	<isCitizenOf>	<Netherlands>
<Fresno_County,_California>	<isCitizenOf>	<United_States>
<Trésor_Kandol>	<isCitizenOf>	<India>
<Harvey_Weinstein>	<isCitizenOf>	<Scotland>
<Groucho_Marx>	<isCitizenOf>	<United_States>
<Chris_Hackett_(footballer)>	<isCitizenOf>	<United_States>
<Ramon_Menezes>	<isCitizenOf>	<India>
<Matty_Lund>	<isCitizenOf>	<United_Arab_Emirates>
<Matty_Lund>	<isCitizenOf>	<United_States>
<Ian_Holloway>	<isCitizenOf>	<England>
<Ian_Holloway>	<isCitizenOf>	<United_States>
<Rebecca_Hall>	<isCitizenOf>	<United_States>
<Asia_Argento>	<isCitizenOf>	<United_Kingdom>
<Steven_Tyler>	<isCitizenOf>	<United_States>
<Kevin_Lisbie>	<isCitizenOf>	<Netherlands>
<Luftwaffe>	<isCitizenOf>	<England>
<Leonard_Nimoy>	<isCitizenOf>	<England>
<Jean-Philippe_Javary>	<isCitizenOf>	<Scotland>
<Jocky_Wright>	<isCitizenOf>	<Russia>
<Harry_Belafonte>	<isCitizenOf>	<England>
<Lee_Cox_(footballer)>	<isCitizenOf>	<England>
<Lee_Cox_(footballer)>	<isCitizenOf>	<Chile>
<Joaquin_Phoenix>	<isCitizenOf>	<United_States>
<Alan_Bennett_(footballer,_born_1981)>	<isCitizenOf>	<United_Kingdom>
<Leroy_Chambers>	<isCitizenOf>	<Israel>
<Mark_Burchill>	<isCitizenOf>	<United_States>
<Mark_Burchill>	<isCitizenOf>	<United_States>
<Peter_Marinello>	<isCitizenOf>	<Republic_of_Ireland>
<Gertrude_Stein>	<isCitizenOf>	<United_States>
<Simon_Grayson>	<isCitizenOf>	<United_Kingdom>
<Adam_Proudlock>	<isCitizenOf>	<England>
<Pontifical_Gregorian_University>	<isCitizenOf>	<Belgium>
<Bam_Margera>	<isCitizenOf>	<Denmark>
<Ben_Wilkinson>	<isCitizenOf>	<United_States>
<Peter_Molloy_(footballer,_born_1909)>	<isCitizenOf>	<England>
<Huntington,_New_York>	<isCitizenOf>	<England>
<Tommy_Anderson_(footballer)>	<isCitizenOf>	<England>
<Craig_McAllister>	<isCitizenOf>	<England>
<Alias_(TV_series)>	<isCitizenOf>	<England>
<Michael_Stipe>	<isCitizenOf>	<England>
<Ed_O'Neill>	<isCitizenOf>	<England>
<James_Dunne>	<isCitizenOf>	<England>
<Jerry_Siegel>	<isCitizenOf>	<England>
<Greg_Mills_(footballer)>	<isCitizenOf>	<United_States>
<Greg_Mills_(footballer)>	<isCitizenOf>	<France>
<Jayden_Stockley>	<isCitizenOf>	<Senegal>
<Jayden_Stockley>	<isCitizenOf>	<England>
<Kamloops>	<isCitizenOf>	<France>
<Alfie_Conn_Jr.>	<isCitizenOf>	<Republic_of_the_Congo>
<Eddie_Albert>	<isCitizenOf>	<United_States>
<Columbia_Law_School>	<isCitizenOf>	<India>
<Bill_Pullman>	<isCitizenOf>	<Australia>
<Neil_Cutler>	<isCitizenOf>	<United_Kingdom>
<Neil_Cutler>	<isCitizenOf>	<Greece>
<Amsterdam>	<isCitizenOf>	<United_States>
<Mick_Bodley>	<isCitizenOf>	<Republic_of_Ireland>
<Intel>	<isCitizenOf>	<Cyprus>
<James_Beattie_(footballer)>	<isCitizenOf>	<Croatia>
<Marcus_Haber>	<isCitizenOf>	<England>
<Gaël_Givet>	<isCitizenOf>	<Sweden>
<Danny_Simpson>	<isCitizenOf>	<England>
<Richard_Pryor>	<isCitizenOf>	<Belgium>
<Kevin_McCarthy_(actor)>	<isCitizenOf>	<England>
<Nicolas_Cage>	<isCitizenOf>	<United_States>
<Alex_Gibney>	<isCitizenOf>	<El_Salvador>
<Martin_Hodge>	<isCitizenOf>	<United_States>
<Andrew_Davies_(footballer)>	<isCitizenOf>	<Panama>
<Jeff_Wealands>	<isCitizenOf>	<United_States>
<Los_Angeles_International_Airport>	<isCitizenOf>	<England>
<Henri_Lansbury>	<isCitizenOf>	<Germany>
<Bartholomew_Ogbeche>	<isCitizenOf>	<Wales>
<Andy_Kiwomya>	<isCitizenOf>	<England>
<Andy_Kiwomya>	<isCitizenOf>	<United_Arab_Emirates>
<David_Crown>	<isCitizenOf>	<England>
<David_Crown>	<isCitizenOf>	<Sweden>
<Andrew_Hughes_(footballer,_born_1978)>	<isCitizenOf>	<United_States>
<Habib_Bamogo>	<isCitizenOf>	<England>
<Habib_Bamogo>	<isCitizenOf>	<United_States>
<Danny_Graham_(footballer)>	<isCitizenOf>	<United_States>
<Matthew_Barnes-Homer>	<isCitizenOf>	<Russia>
<Pavel_Pergl>	<isCitizenOf>	<Sweden>
<Claude_Davis>	<isCitizenOf>	<Russia>
<Dave_Hanson_(footballer)>	<isCitizenOf>	<Wales>
<Richard_Sylbert>	<isCitizenOf>	<Switzerland>
<Michigan>	<isCitizenOf>	<Spain>
<Matt_Dillon>	<isCitizenOf>	<United_States>
<Peter_Swan_(footballer,_born_1966)>	<isCitizenOf>	<England>
<Alfred_Molina>	<isCitizenOf>	<Spain>
<Kevin_James_(English_footballer)>	<isCitizenOf>	<United_States>
<Novak_Djokovic>	<isCitizenOf>	<United_Kingdom>
<Hugh_Laurie>	<isCitizenOf>	<Spain>
<Chris_Allen_(footballer,_born_1972)>	<isCitizenOf>	<France>
<Baltimore–Washington_metropolitan_area>	<isCitizenOf>	<Austria>
<Maceo_Rigters>	<isCitizenOf>	<India>
<Martin_Short>	<isCitizenOf>	<United_States>
<Art_Center_College_of_Design>	<isCitizenOf>	<Germany>
<Bolt_(2008_film)>	<isCitizenOf>	<United_States>
<Alfredo_Foni>	<isCitizenOf>	<England>
<Perry_Suckling>	<isCitizenOf>	<United_States>
<Jérôme_Leroy_(footballer)>	<isCitizenOf>	<Wales>
<Yago_Fernández>	<isCitizenOf>	<United_States>
<Yago_Fernández>	<isCitizenOf>	<France>
<Dave_Regis>	<isCitizenOf>	<Republic_of_Ireland>
<Aimee_Mann>	<isCitizenOf>	<England>
<Michael_Duberry>	<isCitizenOf>	<Republic_of_Ireland>
<Michael_Duberry>	<isCitizenOf>	<Netherlands>
<Emerson_Thome>	<isCitizenOf>	<Hungary>
<George_W._Bush>	<isCitizenOf>	<United_Kingdom>
<Danny_Andrew>	<isCitizenOf>	<England>
<Tim_Blake_Nelson>	<isCitizenOf>	<England>
<Frank_Swift>	<isCitizenOf>	<Bangladesh>
<Frank_Swift>	<isCitizenOf>	<Chile>
<Nikodimos_Papavasiliou>	<isCitizenOf>	<England>
<Peter_Nicholas_(footballer)>	<isCitizenOf>	<Germany>
<Mike_Walker_(Welsh_footballer)>	<isCitizenOf>	<England>
<Mike_Walker_(Welsh_footballer)>	<isCitizenOf>	<Republic_of_Ireland>
<Frances_McDormand>	<isCitizenOf>	<England>
<Danny_Elfman>	<isCitizenOf>	<England>
<Kevin_McLeod_(footballer)>	<isCitizenOf>	<England>
<Shlomi_Arbeitman>	<isCitizenOf>	<England>
<Sylvester_Stallone>	<isCitizenOf>	<El_Salvador>
<Phil_Spector>	<isCitizenOf>	<United_Kingdom>
<Shefki_Kuqi>	<isCitizenOf>	<Greece>
<Danny_Guthrie>	<isCitizenOf>	<England>
<Danny_Guthrie>	<isCitizenOf>	<Scotland>
<Danny_Coyne>	<isCitizenOf>	<United_Kingdom>
<Greg_Halford>	<isCitizenOf>	<United_States>
<Kingston_upon_Hull>	<isCitizenOf>	<Netherlands>
<George_Lucas>	<isCitizenOf>	<Scotland>
<Robert_Loggia>	<isCitizenOf>	<Republic_of_Ireland>
<Jae_Martin>	<isCitizenOf>	<India>
<Daniel_Nardiello>	<isCitizenOf>	<Argentina>
<Tony_Rougier>	<isCitizenOf>	<Dominica>
<Tony_Rougier>	<isCitizenOf>	<England>
<War_of_the_Fourth_Coalition>	<isCitizenOf>	<Italy>
<Albano_Bizzarri>	<isCitizenOf>	<Wales>
<Tony_Warner>	<isCitizenOf>	<England>
<New_England_Conservatory_of_Music>	<isCitizenOf>	<United_States>
<Robert_F._Kennedy>	<isCitizenOf>	<United_States>
<Trevor_Aylott>	<isCitizenOf>	<United_States>
<Nicky_Summerbee>	<isCitizenOf>	<England>
<In_Your_House>	<isCitizenOf>	<United_States>
<Tony_Witter>	<isCitizenOf>	<United_Kingdom>
<Tony_Witter>	<isCitizenOf>	<Netherlands>
<Guy_Branston>	<isCitizenOf>	<United_States>
<Queen_Victoria>	<isCitizenOf>	<Spain>
<nl/UNAMIS>	<isCitizenOf>	<Slovenia>
<Lee_Fowler>	<isCitizenOf>	<Canada>
<Jon_Newby>	<isCitizenOf>	<Wales>
<Horace_Brindley>	<isCitizenOf>	<United_States>
<Scott_Canham>	<isCitizenOf>	<United_Kingdom>
<Orlando_Engelaar>	<isCitizenOf>	<Argentina>
<Robert_F._Kennedy>	<isCitizenOf>	<Hungary>
<France>	<isCitizenOf>	<Germany>
<Aaron_Shure>	<isCitizenOf>	<United_States>
<Dave_Rogers_(footballer,_born_1975)>	<isCitizenOf>	<United_Kingdom>
<Dave_Rogers_(footballer,_born_1975)>	<isCitizenOf>	<Kazakhstan>
<Hancock_(film)>	<isCitizenOf>	<United_States>
<Ludacris>	<isCitizenOf>	<United_States>
<Neil_Warnock>	<isCitizenOf>	<United_States>
<Keith_Houchen>	<isCitizenOf>	<United_States>
<Keith_Houchen>	<isCitizenOf>	<England>
<Kasper_Schmeichel>	<isCitizenOf>	<England>
<Kasper_Schmeichel>	<isCitizenOf>	<England>
<Adam_Rooney>	<isCitizenOf>	<Hungary>
<Marvel_Entertainment>	<isCitizenOf>	<United_States>
<Sean_Connery>	<isCitizenOf>	<Scotland>
<Barry_Siddall>	<isCitizenOf>	<Scotland>
<Graham_Potter>	<isCitizenOf>	<Ukraine>
<Ryan_Reynolds>	<isCitizenOf>	<Hungary>
<Keith_Rowland>	<isCitizenOf>	<England>
<Graham_Newton>	<isCitizenOf>	<Russia>
<Graham_Newton>	<isCitizenOf>	<Bulgaria>
<Chris_Zebroski>	<isCitizenOf>	<Nigeria>
<Chris_Zebroski>	<isCitizenOf>	<Spain>
<Sanchez_Watt>	<isCitizenOf>	<Austria>
<Nikodimos_Papavasiliou>	<isCitizenOf>	<France>
<Richard_Walker_(footballer,_born_1977)>	<isCitizenOf>	<Niger>
<Kevin_Phillips_(footballer)>	<isCitizenOf>	<England>
<Brian_Jackson_(footballer,_born_1933)>	<isCitizenOf>	<Netherlands>
<Richard_Key>	<isCitizenOf>	<United_States>
<Gavin_Hoyte>	<isCitizenOf>	<England>
<Tomislav_Ivić>	<isCitizenOf>	<United_States>
<Chris_Adamson>	<isCitizenOf>	<United_States>
<Scott_Loach>	<isCitizenOf>	<United_States>
<Roberto_Di_Matteo>	<isCitizenOf>	<Chile>
<Roberto_Di_Matteo>	<isCitizenOf>	<United_States>
<Van_Nest_Polglase>	<isCitizenOf>	<England>
<Hartford_Wolf_Pack>	<isCitizenOf>	<United_Kingdom>
<Frances_McDormand>	<isCitizenOf>	<Republic_of_Ireland>
<Bertrand_Bossu>	<isCitizenOf>	<United_States>
<Diane_Lane>	<isCitizenOf>	<Switzerland>
<Donna_Summer>	<isCitizenOf>	<Italy>
<Sean_Dyche>	<isCitizenOf>	<Sweden>
<Karl_Ready>	<isCitizenOf>	<United_States>
<Dave_Norton>	<isCitizenOf>	<India>
<Cape_May_County,_New_Jersey>	<isCitizenOf>	<United_States>
<Loïc_Rémy>	<isCitizenOf>	<England>
<Arkansas>	<isCitizenOf>	<England>
<Julian_de_Guzman>	<isCitizenOf>	<India>
<John_Guidetti>	<isCitizenOf>	<England>
<Appalachian_Mountains>	<isCitizenOf>	<Scotland>
<Paul_Musselwhite>	<isCitizenOf>	<Israel>
<Maurizio_Iorio>	<isCitizenOf>	<Hungary>
<Epsom>	<isCitizenOf>	<Republic_of_Ireland>
<Alou_Diarra>	<isCitizenOf>	<Republic_of_Ireland>
<Alou_Diarra>	<isCitizenOf>	<United_Kingdom>
<49th_Annual_Grammy_Awards>	<isCitizenOf>	<Belgium>
<Owain_Tudur_Jones>	<isCitizenOf>	<Sweden>
<Owain_Tudur_Jones>	<isCitizenOf>	<United_States>
<Bulawayo>	<isCitizenOf>	<Canada>
<Bob_Ludwig>	<isCitizenOf>	<United_States>
<Edmund_Husserl>	<isCitizenOf>	<Cape_Verde>
<Chris_Sutton>	<isCitizenOf>	<England>
<Maurizio_Iorio>	<isCitizenOf>	<Puerto_Rico>
<Darren_Ward_(footballer,_born_1974)>	<isCitizenOf>	<England>
<Richie_Foran>	<isCitizenOf>	<Sweden>
<Anthony_Hopkins>	<isCitizenOf>	<United_Kingdom>
<Matuzalém>	<isCitizenOf>	<United_States>
<Giovanni_Sio>	<isCitizenOf>	<United_Arab_Emirates>
<Andy_O'Brien_(footballer)>	<isCitizenOf>	<United_Kingdom>
<Peter_Kyle>	<isCitizenOf>	<England>
<Luigi_Radice>	<isCitizenOf>	<United_States>
<Luigi_Radice>	<isCitizenOf>	<England>
<Rwanda>	<isCitizenOf>	<England>
<József_Viola>	<isCitizenOf>	<Scotland>
<State_highways_serving_Virginia_state_institutions>	<isCitizenOf>	<United_States>
<Pamela_Adlon>	<isCitizenOf>	<England>
<Harry_Roberts_(footballer,_born_1907)>	<isCitizenOf>	<United_States>
<Lee_Canoville>	<isCitizenOf>	<Cameroon>
<Arthur_Phoenix>	<isCitizenOf>	<Senegal>
<John_Michael_Higgins>	<isCitizenOf>	<Belgium>
<Tom_Cowan>	<isCitizenOf>	<Wales>
<James_Ingram>	<isCitizenOf>	<England>
<Steven_Zaillian>	<isCitizenOf>	<United_States>
<Davide_Dionigi>	<isCitizenOf>	<El_Salvador>
<Graham_Potter>	<isCitizenOf>	<Denmark>
<Scott_McGarvey>	<isCitizenOf>	<Italy>
<Scott_McGarvey>	<isCitizenOf>	<Australia>
<Salt_(2010_film)>	<isCitizenOf>	<Netherlands>
<Barry_Siddall>	<isCitizenOf>	<Russia>
<Barry_Siddall>	<isCitizenOf>	<Argentina>
<Mark_Nicholls>	<isCitizenOf>	<England>
<East_Asia>	<isCitizenOf>	<Cape_Verde>
<Tajikistan>	<isCitizenOf>	<India>
<Larry_Fine>	<isCitizenOf>	<United_States>
<Sam_Togwell>	<isCitizenOf>	<England>
<Mark_Rawle>	<isCitizenOf>	<England>
<Van_Nuys>	<isCitizenOf>	<England>
<Peter_Beadle>	<isCitizenOf>	<England>
<Winnipeg>	<isCitizenOf>	<Martinique>
<Michael_Laudrup>	<isCitizenOf>	<United_Kingdom>
<Jeffrey_Bruma>	<isCitizenOf>	<France>
<Jeffrey_Bruma>	<isCitizenOf>	<United_Kingdom>
<Modibo_Diakité>	<isCitizenOf>	<England>
<Andy_Gray_(footballer,_born_1964)>	<isCitizenOf>	<United_States>
<James_Newton_Howard>	<isCitizenOf>	<Bulgaria>
<Gary_Barnett_(footballer)>	<isCitizenOf>	<United_States>
<Gary_Barnett_(footballer)>	<isCitizenOf>	<Germany>
<Willem_Dafoe>	<isCitizenOf>	<Cameroon>
<Charles_Brackett>	<isCitizenOf>	<Argentina>
<Stuart_Elliott_(footballer,_born_1977)>	<isCitizenOf>	<Scotland>
<Alan_Daley>	<isCitizenOf>	<England>
<John_Rowlands_(footballer)>	<isCitizenOf>	<Croatia>
<I_Love_You_Phillip_Morris>	<isCitizenOf>	<United_States>
<Martin_Thomas_(footballer,_born_1959)>	<isCitizenOf>	<Jamaica>
<Darren_Byfield>	<isCitizenOf>	<Germany>
<Fraizer_Campbell>	<isCitizenOf>	<Russia>
<Davide_Dionigi>	<isCitizenOf>	<England>
<Saddam_Hussein>	<isCitizenOf>	<United_States>
<Paul_Ritchie_(footballer,_born_1975)>	<isCitizenOf>	<United_States>
<Paul_Ritchie_(footballer,_born_1975)>	<isCitizenOf>	<Democratic_Republic_of_the_Congo>
<Andy_Dow>	<isCitizenOf>	<England>
<CBS_Corporation>	<isCitizenOf>	<England>
<Robert_Louis_Stevenson>	<isCitizenOf>	<Cyprus>
<Carl_Alford>	<isCitizenOf>	<United_Kingdom>
<Paolo_Sammarco>	<isCitizenOf>	<Austria>
<Somalia>	<isCitizenOf>	<United_States>
<Serbia>	<isCitizenOf>	<Hungary>
<Monroe,_Louisiana>	<isCitizenOf>	<Wales>
<Edward_Shearmur>	<isCitizenOf>	<England>
<Anaheim,_California>	<isCitizenOf>	<Russia>
<Ryan_Lowe>	<isCitizenOf>	<Israel>
<Ryan_Lowe>	<isCitizenOf>	<United_States>
<Jon_Parkin>	<isCitizenOf>	<United_States>
<India>	<isCitizenOf>	<United_States>
<Elizabeth_McGovern>	<isCitizenOf>	<United_Kingdom>
<The_Haunting_(1999_film)>	<isCitizenOf>	<England>
<James_Beattie_(footballer)>	<isCitizenOf>	<United_States>
<Simon_Colosimo>	<isCitizenOf>	<United_States>
<Greece>	<isCitizenOf>	<France>
<Gerry_Peyton>	<isCitizenOf>	<England>
<Late_Show_(CBS_TV_series)>	<isCitizenOf>	<Democratic_Republic_of_the_Congo>
<Shatrughan_Sinha>	<isCitizenOf>	<Australia>
<1932_Summer_Olympics>	<isCitizenOf>	<United_States>
<Armand_Assante>	<isCitizenOf>	<England>
<21st_Academy_Awards>	<isCitizenOf>	<Ukraine>
<Jamaica>	<isCitizenOf>	<United_States>
<Tommy_Anderson_(footballer)>	<isCitizenOf>	<United_States>
<Another_Year_(film)>	<isCitizenOf>	<United_Kingdom>
<Bob_Curry>	<isCitizenOf>	<Scotland>
<Dany_N'Guessan>	<isCitizenOf>	<Australia>
<Dany_N'Guessan>	<isCitizenOf>	<England>
<Will_Buckley_(footballer)>	<isCitizenOf>	<United_States>
<Linda_Cardellini>	<isCitizenOf>	<Scotland>
<Scott_Spencer_(footballer)>	<isCitizenOf>	<England>
<Kumasi>	<isCitizenOf>	<Cyprus>
<Uche_Ikpeazu>	<isCitizenOf>	<Croatia>
<Kieran_McAnespie>	<isCitizenOf>	<United_States>
<Kasey_Keller>	<isCitizenOf>	<Jamaica>
<Matt_McNeil>	<isCitizenOf>	<Germany>
<Daniel_Kearns_(footballer)>	<isCitizenOf>	<England>
<Reece_Styche>	<isCitizenOf>	<United_States>
<Chicago_metropolitan_area>	<isCitizenOf>	<Scotland>
<Warren_Aspinall>	<isCitizenOf>	<Sweden>
<Brad_Friedel>	<isCitizenOf>	<Scotland>
<Ryan_Brunt_(footballer)>	<isCitizenOf>	<Scotland>
<Basil_Poledouris>	<isCitizenOf>	<India>
<Aly_Cissokho>	<isCitizenOf>	<Japan>
<Paul_Evans_(footballer,_born_1974)>	<isCitizenOf>	<England>
<James_Newton_Howard>	<isCitizenOf>	<Argentina>
<Jordan_Parkes>	<isCitizenOf>	<England>
<11Eleven_Project>	<isCitizenOf>	<England>
<Steve_Zahn>	<isCitizenOf>	<Democratic_Republic_of_the_Congo>
<Jimi_Hendrix>	<isCitizenOf>	<England>
<Salma_Hayek>	<isCitizenOf>	<United_States>
<Danny_Maddix>	<isCitizenOf>	<United_States>
<Frederick_Mearns>	<isCitizenOf>	<United_States>
<Carthage>	<isCitizenOf>	<United_States>
<Chris_Eagles>	<isCitizenOf>	<England>
<Graham_Potter>	<isCitizenOf>	<Brazil>
<James_Wallace_(footballer,_born_1991)>	<isCitizenOf>	<England>
<Jérôme_Leroy_(footballer)>	<isCitizenOf>	<United_States>
<Ray_Crawford_(footballer)>	<isCitizenOf>	<Italy>
<Ray_Crawford_(footballer)>	<isCitizenOf>	<India>
<Ronnie_Wallwork>	<isCitizenOf>	<Germany>
<Rocky_Mountains>	<isCitizenOf>	<England>
<Adrian_Littlejohn>	<isCitizenOf>	<Jamaica>
<Simeon_Hodson>	<isCitizenOf>	<United_States>
<Al_Green>	<isCitizenOf>	<United_States>
<Brian_Parkin>	<isCitizenOf>	<Australia>
<Brian_Parkin>	<isCitizenOf>	<Austria>
<Van_Johnson>	<isCitizenOf>	<Canada>
<Des_Lyttle>	<isCitizenOf>	<Israel>
<Jack_Reynolds_(footballer,_born_1869)>	<isCitizenOf>	<Netherlands>
<Jack_Reynolds_(footballer,_born_1869)>	<isCitizenOf>	<Niger>
<2009_Sundance_Film_Festival>	<isCitizenOf>	<Northern_Ireland>
<Wayne_Cegielski>	<isCitizenOf>	<Argentina>
<Kevin_Smith>	<isCitizenOf>	<England>
<Iraq>	<isCitizenOf>	<Greece>
<Patrick_McGoohan>	<isCitizenOf>	<United_States>
<Noah_Taylor>	<isCitizenOf>	<England>
<Ishmael_Miller>	<isCitizenOf>	<Italy>
<Ishmael_Miller>	<isCitizenOf>	<United_States>
<Ryan_Hall_(footballer)>	<isCitizenOf>	<France>
<Himesh_Reshammiya>	<isCitizenOf>	<India>
<Ismaïl_Aissati>	<isCitizenOf>	<England>
<John_Williams_(footballer,_born_1968)>	<isCitizenOf>	<England>
<Terry_Phelan>	<isCitizenOf>	<Russia>
<Billy_Knott>	<isCitizenOf>	<Jamaica>
<Bas_Savage>	<isCitizenOf>	<England>
<Gavin_Ward_(footballer)>	<isCitizenOf>	<France>
<2017_Romanian_protests>	<isCitizenOf>	<England>
<Georg_Wilhelm_Friedrich_Hegel>	<isCitizenOf>	<England>
<David_Giles_(footballer)>	<isCitizenOf>	<Italy>
<David_Giles_(footballer)>	<isCitizenOf>	<England>
<Mark_Schwarzer>	<isCitizenOf>	<Ukraine>
<Mark_Schwarzer>	<isCitizenOf>	<Greece>
<Matt_Stone>	<isCitizenOf>	<United_States>
<Richard_Burton>	<isCitizenOf>	<United_States>
<Anne_Bancroft>	<isCitizenOf>	<United_States>
<Keith_Treacy>	<isCitizenOf>	<Wales>
<Billy_Zane>	<isCitizenOf>	<Austria>
<Fred_Bevan>	<isCitizenOf>	<United_States>
<Fred_Bevan>	<isCitizenOf>	<United_Kingdom>
<Scouting_in_California>	<isCitizenOf>	<England>
<Craig_Allardyce>	<isCitizenOf>	<Germany>
<Neville_Roach>	<isCitizenOf>	<United_States>
<Drewe_Broughton>	<isCitizenOf>	<Germany>
<Billy_Crudup>	<isCitizenOf>	<England>
<Alejandro_Scopelli>	<isCitizenOf>	<Republic_of_Ireland>
<Jonathan_Walters>	<isCitizenOf>	<United_Kingdom>
<Jonathan_Walters>	<isCitizenOf>	<England>
<Tom_Skerritt>	<isCitizenOf>	<United_States>
<René_Descartes>	<isCitizenOf>	<England>
<Guy_Branston>	<isCitizenOf>	<Russia>
<Alex_Mathie>	<isCitizenOf>	<Japan>
<Alex_Mathie>	<isCitizenOf>	<Netherlands>
<Jordan_Rose>	<isCitizenOf>	<India>
<Jon_Dahl_Tomasson>	<isCitizenOf>	<United_States>
<Terry_Howard>	<isCitizenOf>	<Australia>
<Terry_Howard>	<isCitizenOf>	<Italy>
<Bill_Wyman>	<isCitizenOf>	<Hungary>
<Carlton_Cuse>	<isCitizenOf>	<Italy>
<Sam_Russell_(footballer,_born_1982)>	<isCitizenOf>	<Hungary>
<Kingdom_of_Romania>	<isCitizenOf>	<Australia>
<Ottoman_Empire>	<isCitizenOf>	<Italy>
<Ashley_Bayes>	<isCitizenOf>	<Wales>
<John_Eustace>	<isCitizenOf>	<Republic_of_Ireland>
<Oscar_Gobern>	<isCitizenOf>	<England>
<Kevin_Austin>	<isCitizenOf>	<Israel>
<Lloyd_Opara>	<isCitizenOf>	<Wales>
<Lampros_Choutos>	<isCitizenOf>	<England>
<Lampros_Choutos>	<isCitizenOf>	<United_Kingdom>
<Stuart_Elliott_(footballer,_born_1977)>	<isCitizenOf>	<United_States>
<Dani_Osvaldo>	<isCitizenOf>	<Denmark>
<War_of_the_Spanish_Succession>	<isCitizenOf>	<France>
<Lesser_Antilles>	<isCitizenOf>	<Wales>
<Chris_Coyne>	<isCitizenOf>	<England>
<Andy_Serkis>	<isCitizenOf>	<England>
<Colm_Feore>	<isCitizenOf>	<England>
<Kevin_Dearden>	<isCitizenOf>	<Greece>
<Neil_Tarrant>	<isCitizenOf>	<Serbia>
<Rodrigo_(footballer,_born_1991)>	<isCitizenOf>	<Scotland>
<Rodrigo_(footballer,_born_1991)>	<isCitizenOf>	<United_States>
<Raúl_Díaz_Arce>	<isCitizenOf>	<United_States>
<Dick_Advocaat>	<isCitizenOf>	<Panama>
<Dick_Advocaat>	<isCitizenOf>	<Germany>
<2017_Romanian_protests>	<isCitizenOf>	<United_States>
<Russian_Empire>	<isCitizenOf>	<United_States>
<Dave_Metchick>	<isCitizenOf>	<Spain>
<Colin_Cameron_(footballer)>	<isCitizenOf>	<Greece>
<Colin_Cameron_(footballer)>	<isCitizenOf>	<England>
<Philippe_Senderos>	<isCitizenOf>	<United_States>
<Kazakhstan>	<isCitizenOf>	<England>
<Andy_Linighan>	<isCitizenOf>	<England>
<Traianos_Dellas>	<isCitizenOf>	<United_States>
<George_Carlin>	<isCitizenOf>	<England>
<Brent_Sancho>	<isCitizenOf>	<United_Kingdom>
<Habsburg_Monarchy>	<isCitizenOf>	<United_Kingdom>
<Danube>	<isCitizenOf>	<Belgium>
<Elliot_Goldenthal>	<isCitizenOf>	<Greece>
<Antony_Sher>	<isCitizenOf>	<United_Kingdom>
<Brian_Rice_(footballer)>	<isCitizenOf>	<United_States>
<Simon_Heslop>	<isCitizenOf>	<United_Kingdom>
<Mark_Wilson_(English_footballer)>	<isCitizenOf>	<England>
<James_Chester>	<isCitizenOf>	<India>
<2017_Romanian_protests>	<isCitizenOf>	<England>
<Tom_Cowan>	<isCitizenOf>	<England>
<Shaun_Goater>	<isCitizenOf>	<United_States>
<Astrit_Ajdarević>	<isCitizenOf>	<United_States>
<Drewe_Broughton>	<isCitizenOf>	<Russia>
<Fred_Pagnam>	<isCitizenOf>	<Martinique>
<Fred_Pagnam>	<isCitizenOf>	<United_States>
<James_Fox>	<isCitizenOf>	<Netherlands>
<Patrick_Agyemang>	<isCitizenOf>	<Scotland>
<Matt_Elliott_(footballer)>	<isCitizenOf>	<England>
<Yale_Divinity_School>	<isCitizenOf>	<United_States>
<Nicky_Summerbee>	<isCitizenOf>	<India>
<Dennis_Rodman>	<isCitizenOf>	<United_States>
<Dennis_Rodman>	<isCitizenOf>	<Netherlands>
<Geoff_Thomas_(footballer,_born_1964)>	<isCitizenOf>	<United_Kingdom>
<Libya>	<isCitizenOf>	<England>
<Aruna_Irani>	<isCitizenOf>	<United_Kingdom>
<Province_of_Como>	<isCitizenOf>	<Wales>
<Wayne_Biggins>	<isCitizenOf>	<United_Kingdom>
<Clint_Hill_(footballer)>	<isCitizenOf>	<India>
<Pennine_Alps>	<isCitizenOf>	<United_States>
<Allan_Holdsworth>	<isCitizenOf>	<Canada>
<Epic_Soundtrax>	<isCitizenOf>	<United_States>
<Amari_Morgan-Smith>	<isCitizenOf>	<United_States>
<Esteban_Cambiasso>	<isCitizenOf>	<El_Salvador>
<New_Zealand>	<isCitizenOf>	<United_Kingdom>
<Alex_Taylor_(footballer)>	<isCitizenOf>	<Spain>
<Michael_Danzey>	<isCitizenOf>	<Republic_of_Ireland>
<Les_Ferdinand>	<isCitizenOf>	<United_States>
<Patrick_Kluivert>	<isCitizenOf>	<England>
<Patrick_Kluivert>	<isCitizenOf>	<Italy>
<M._Night_Shyamalan>	<isCitizenOf>	<Cyprus>
<Rafik_Djebbour>	<isCitizenOf>	<United_States>
<David_O._Russell>	<isCitizenOf>	<Australia>
<Kemar_Roofe>	<isCitizenOf>	<Argentina>
<Jonson_Clarke-Harris>	<isCitizenOf>	<Italy>
<Alan_Lee_(footballer)>	<isCitizenOf>	<United_States>
<Steve_Anthrobus>	<isCitizenOf>	<Netherlands>
<Justin_Chambers>	<isCitizenOf>	<England>
<Gary_Waddock>	<isCitizenOf>	<Wales>
<Gary_Waddock>	<isCitizenOf>	<Belgium>
<Brian_Taylor_(footballer,_born_1937)>	<isCitizenOf>	<United_States>
<Scott_Barrett_(footballer)>	<isCitizenOf>	<Greece>
<Nick_Cusack>	<isCitizenOf>	<Netherlands>
<Monsef_Zerka>	<isCitizenOf>	<Israel>
<Terrence_McNally>	<isCitizenOf>	<Senegal>
<Jim_Harvey>	<isCitizenOf>	<Bahrain>
<Douglas_Adams>	<isCitizenOf>	<Senegal>
<Lawrence_Kasdan>	<isCitizenOf>	<Italy>
<India>	<isCitizenOf>	<Bangladesh>
<David_Crown>	<isCitizenOf>	<England>
<David_Crown>	<isCitizenOf>	<United_States>
<Cássio_Oliveira>	<isCitizenOf>	<Democratic_Republic_of_the_Congo>
<Kinji_Fukasaku>	<isCitizenOf>	<United_Kingdom>
<Peru>	<isCitizenOf>	<United_Kingdom>
<Carl_Bradshaw_(footballer)>	<isCitizenOf>	<India>
<Electric_Daisy_Carnival>	<isCitizenOf>	<Belgium>
<Josh_Walker_(English_footballer)>	<isCitizenOf>	<United_States>
<Phil_Marsh>	<isCitizenOf>	<United_States>
<Tony_Scully>	<isCitizenOf>	<England>
<Orange_County,_California>	<isCitizenOf>	<United_States>
<József_Viola>	<isCitizenOf>	<Belgium>
<Malaysia>	<isCitizenOf>	<Nigeria>
<Darryl_Flahavan>	<isCitizenOf>	<England>
<Jyothika>	<isCitizenOf>	<United_Kingdom>
<Jonatan_Johansson_(footballer)>	<isCitizenOf>	<England>
<David_Ogden_Stiers>	<isCitizenOf>	<Slovenia>
<Phil_Stant>	<isCitizenOf>	<England>
<Craig_Rocastle>	<isCitizenOf>	<United_States>
<Craig_Rocastle>	<isCitizenOf>	<England>
<Anthony_Pulis>	<isCitizenOf>	<England>
<David_Brightwell>	<isCitizenOf>	<Greece>
<Marc_North>	<isCitizenOf>	<United_States>
<Hayden_Foxe>	<isCitizenOf>	<United_States>
<Hayden_Foxe>	<isCitizenOf>	<United_States>
<Frankie_Sutherland>	<isCitizenOf>	<India>
<Kevin_Gallen>	<isCitizenOf>	<England>
<Kevin_Gallen>	<isCitizenOf>	<Italy>
<Rosemary_Harris>	<isCitizenOf>	<United_States>
<Andy_Petterson>	<isCitizenOf>	<Austria>
<Sam_Jennings>	<isCitizenOf>	<United_States>
<Nathan_Fillion>	<isCitizenOf>	<Germany>
<Simon_Walton>	<isCitizenOf>	<England>
<Marco_Baroni>	<isCitizenOf>	<United_States>
<Julia_Roberts>	<isCitizenOf>	<England>
<Julia_Roberts>	<isCitizenOf>	<England>
<Dominic_Blizzard>	<isCitizenOf>	<England>
<Christian_Eduardo_Giménez>	<isCitizenOf>	<England>
<Assassins_(film)>	<isCitizenOf>	<Monaco>
<Amelia_(film)>	<isCitizenOf>	<Russia>
<Shohreh_Aghdashloo>	<isCitizenOf>	<Greece>
<Alex_Rodman>	<isCitizenOf>	<Italy>
<James_O'Connor_(footballer,_born_1984)>	<isCitizenOf>	<England>
<Olof_Mellberg>	<isCitizenOf>	<England>
<Jason_Kidd>	<isCitizenOf>	<Northern_Ireland>
<John_Fashanu>	<isCitizenOf>	<Germany>
<John_Fashanu>	<isCitizenOf>	<United_States>
<The_Scorpion_King>	<isCitizenOf>	<United_States>
<Kenny_Burns>	<isCitizenOf>	<United_States>
<Kenny_Burns>	<isCitizenOf>	<Netherlands>
<Paul_Allen_(footballer)>	<isCitizenOf>	<Germany>
<Lee_Hodges_(footballer,_born_1978)>	<isCitizenOf>	<Austria>
<Simeon_Jackson>	<isCitizenOf>	<United_States>
<Simeon_Jackson>	<isCitizenOf>	<England>
<Dean_Brill>	<isCitizenOf>	<England>
<Dean_Brill>	<isCitizenOf>	<United_States>
<Abel_Xavier>	<isCitizenOf>	<Hungary>
<St._Louis_Blues>	<isCitizenOf>	<Russia>
<Dominic_West>	<isCitizenOf>	<Barbados>
<Joseph_S._O'Leary>	<isCitizenOf>	<Cape_Verde>
<Mike_Marsh_(footballer)>	<isCitizenOf>	<United_States>
<Gary_Kelly_(footballer,_born_1966)>	<isCitizenOf>	<Netherlands>
<John_Guidetti>	<isCitizenOf>	<Cyprus>
<Steve_Taylor_(footballer)>	<isCitizenOf>	<United_Kingdom>
<Aron_Winter>	<isCitizenOf>	<United_Kingdom>
<Bondz_N'Gala>	<isCitizenOf>	<United_States>
<Peter_Ramage>	<isCitizenOf>	<France>
<Peter_Ramage>	<isCitizenOf>	<Bahrain>
<Antoine_Sibierski>	<isCitizenOf>	<India>
<Antoine_Sibierski>	<isCitizenOf>	<England>
<Lee_Morris_(footballer)>	<isCitizenOf>	<United_States>
<Matt_Jackson>	<isCitizenOf>	<United_Kingdom>
<Mark_Hamill>	<isCitizenOf>	<France>
<Ronald_Reagan>	<isCitizenOf>	<United_Kingdom>
<Ronald_Reagan>	<isCitizenOf>	<Argentina>
<Anatole_Litvak>	<isCitizenOf>	<Denmark>
<Romano_Perticone>	<isCitizenOf>	<Sweden>
<Niels_Bohr>	<isCitizenOf>	<England>
<Paul_Bannon>	<isCitizenOf>	<United_States>
<Brett_Angell>	<isCitizenOf>	<Scotland>
<John_Moncur>	<isCitizenOf>	<Japan>
<United_States>	<isCitizenOf>	<Netherlands>
<John_Byrne_(footballer,_born_1939)>	<isCitizenOf>	<Netherlands>
<Jon_Beswetherick>	<isCitizenOf>	<Russia>
<Alex_Cisak>	<isCitizenOf>	<France>
<UEFA>	<isCitizenOf>	<Germany>
<Jay_Bothroyd>	<isCitizenOf>	<United_States>
<Jay_Bothroyd>	<isCitizenOf>	<Bangladesh>
<Bruce_Greenwood>	<isCitizenOf>	<Netherlands>
<Graham_Greene_(actor)>	<isCitizenOf>	<United_Arab_Emirates>
<Sean_Astin>	<isCitizenOf>	<United_States>
<David_Davis_(footballer)>	<isCitizenOf>	<England>
<Clint_Eastwood>	<isCitizenOf>	<United_States>
<Daniel_Webb_(footballer)>	<isCitizenOf>	<Russia>
<Daniel_Webb_(footballer)>	<isCitizenOf>	<Argentina>
<Louis_Saha>	<isCitizenOf>	<United_States>
<Jonny_Margetts>	<isCitizenOf>	<Hungary>
<Jonny_Margetts>	<isCitizenOf>	<Italy>
<Lee_Ho_(footballer,_born_1984)>	<isCitizenOf>	<England>
<Ginger_Rogers>	<isCitizenOf>	<United_Kingdom>
<Craig_Davies_(footballer)>	<isCitizenOf>	<United_States>
<Abel_Xavier>	<isCitizenOf>	<Germany>
<Gregor_Rioch>	<isCitizenOf>	<United_States>
<Law_&_Order>	<isCitizenOf>	<United_States>
<Peter_Stone>	<isCitizenOf>	<England>
<Ventura,_California>	<isCitizenOf>	<Senegal>
<Wayne_Gray_(footballer)>	<isCitizenOf>	<England>
<Pablo_Mills>	<isCitizenOf>	<Canada>
<Ed_Helms>	<isCitizenOf>	<Russia>
<Jack_Warden>	<isCitizenOf>	<Wales>
<Kei_Kamara>	<isCitizenOf>	<Brazil>
<Girl,_Interrupted_(film)>	<isCitizenOf>	<United_States>
<Chris_Killen>	<isCitizenOf>	<England>
<George_Hamilton_(actor)>	<isCitizenOf>	<United_Kingdom>
<Lee_Martin_(footballer,_born_1987)>	<isCitizenOf>	<England>
<Vladimir_Petrović>	<isCitizenOf>	<India>
<Kelly_Preston>	<isCitizenOf>	<England>
<Heiner_Backhaus>	<isCitizenOf>	<France>
<Christian_Vieri>	<isCitizenOf>	<Niger>
<Christian_Vieri>	<isCitizenOf>	<United_States>
<Paul_Haggis>	<isCitizenOf>	<Democratic_Republic_of_the_Congo>
<James_Horner>	<isCitizenOf>	<Netherlands>
<Sabri_Lamouchi>	<isCitizenOf>	<United_States>
<Harry_Gregson-Williams>	<isCitizenOf>	<Serbia>
<Emmanuel_Omoyinmi>	<isCitizenOf>	<Argentina>
<Emmanuel_Omoyinmi>	<isCitizenOf>	<United_States>
<Kyle_MacLachlan>	<isCitizenOf>	<Tanzania>
<Ben_Chorley>	<isCitizenOf>	<England>
<Ben_Chorley>	<isCitizenOf>	<Spain>
<Arthur_Sharp_(footballer)>	<isCitizenOf>	<Jamaica>
<Kris_Taylor>	<isCitizenOf>	<England>
<Kris_Taylor>	<isCitizenOf>	<United_States>
<Gus_Uhlenbeek>	<isCitizenOf>	<United_Kingdom>
<Joey_Barton>	<isCitizenOf>	<Hungary>
<Joey_Barton>	<isCitizenOf>	<Scotland>
<Claudio_Ranieri>	<isCitizenOf>	<England>
<Claudio_Ranieri>	<isCitizenOf>	<Italy>
<Bonnie_Hunt>	<isCitizenOf>	<England>
<Mickaël_Antoine-Curier>	<isCitizenOf>	<United_States>
<Wayne_Routledge>	<isCitizenOf>	<United_States>
<Wayne_Routledge>	<isCitizenOf>	<United_Arab_Emirates>
<Geoff_Thomas_(footballer,_born_1964)>	<isCitizenOf>	<Belgium>
<David_Hibbert>	<isCitizenOf>	<England>
<David_Hibbert>	<isCitizenOf>	<Wales>
<Artie_Lange>	<isCitizenOf>	<Japan>
<Steve_Torpey_(footballer,_born_1970)>	<isCitizenOf>	<Italy>
<Tony_Cottee>	<isCitizenOf>	<Scotland>
<Nathan_Delfouneso>	<isCitizenOf>	<England>
<Edward_Said>	<isCitizenOf>	<Belgium>
<State_of_Mexico>	<isCitizenOf>	<United_States>
<Belgrade>	<isCitizenOf>	<Italy>
<Graham_Roberts>	<isCitizenOf>	<United_States>
<Marc_Goodfellow>	<isCitizenOf>	<Italy>
<Marc_Goodfellow>	<isCitizenOf>	<United_States>
<Carlos_Ruiz_(Guatemalan_footballer)>	<isCitizenOf>	<Wales>
<Jason_van_Blerk>	<isCitizenOf>	<United_Kingdom>
<Normandy>	<isCitizenOf>	<France>
<Warren_Feeney>	<isCitizenOf>	<United_States>
<Paul_Holsgrove>	<isCitizenOf>	<United_States>
<Terry_Dunfield>	<isCitizenOf>	<England>
<Ariel_Graziani>	<isCitizenOf>	<Canada>
<Daniel_Jones_(footballer)>	<isCitizenOf>	<Netherlands>
<Lewis_Montrose>	<isCitizenOf>	<England>
<Tangled>	<isCitizenOf>	<United_States>
<46th_Academy_Awards>	<isCitizenOf>	<Italy>
<Byron_Webster>	<isCitizenOf>	<England>
<Lee_J._Cobb>	<isCitizenOf>	<Republic_of_the_Congo>
<Darren_Ward_(footballer,_born_1974)>	<isCitizenOf>	<United_States>
<Darren_Ward_(footballer,_born_1974)>	<isCitizenOf>	<Italy>
<XXX_(2002_film)>	<isCitizenOf>	<Netherlands>
<Burt_Lancaster>	<isCitizenOf>	<England>
<Chris_Crowe>	<isCitizenOf>	<England>
<Harry_Worley>	<isCitizenOf>	<United_Kingdom>
<Harry_Worley>	<isCitizenOf>	<Bulgaria>
<Art_Carney>	<isCitizenOf>	<France>
<Chris_Cooper>	<isCitizenOf>	<United_Kingdom>
<Walter_Samuel>	<isCitizenOf>	<Cape_Verde>
<Walter_Samuel>	<isCitizenOf>	<Austria>
<Jimmy_Fallon>	<isCitizenOf>	<India>
<Harry_Warren>	<isCitizenOf>	<Wales>
<Emyr_Huws>	<isCitizenOf>	<United_States>
<Emyr_Huws>	<isCitizenOf>	<Germany>
<Ben_Affleck>	<isCitizenOf>	<England>
<Iago_Falque>	<isCitizenOf>	<Republic_of_Ireland>
<Hillsborough_County,_New_Hampshire>	<isCitizenOf>	<United_States>
<Billy_Hendry>	<isCitizenOf>	<France>
<Chevy_Chase>	<isCitizenOf>	<Germany>
<English_Civil_War>	<isCitizenOf>	<Wales>
<Eric_Wynalda>	<isCitizenOf>	<Spain>
<Glen_Southam>	<isCitizenOf>	<United_States>
<Wayne_Dyer_(footballer)>	<isCitizenOf>	<Norway>
<Jacques_Derrida>	<isCitizenOf>	<United_States>
<Mel_Brooks>	<isCitizenOf>	<England>
<Michael_Shannon>	<isCitizenOf>	<England>
<James_Beattie_(footballer)>	<isCitizenOf>	<Austria>
<James_Beattie_(footballer)>	<isCitizenOf>	<Scotland>
<Eritrea>	<isCitizenOf>	<Netherlands>
<James_L._Brooks>	<isCitizenOf>	<United_States>
<United_States>	<isCitizenOf>	<Bangladesh>
<Emanuele_Pesaresi>	<isCitizenOf>	<United_States>
<St._Louis_Blues>	<isCitizenOf>	<Austria>
<Rajinikanth>	<isCitizenOf>	<Russia>
<Albert_Holmes_(footballer,_born_1885)>	<isCitizenOf>	<United_States>
<Albert_Holmes_(footballer,_born_1885)>	<isCitizenOf>	<Netherlands>
<Copenhagen>	<isCitizenOf>	<Ukraine>
<Vietnam>	<isCitizenOf>	<United_Kingdom>
<Yossi_Benayoun>	<isCitizenOf>	<Israel>
<Yossi_Benayoun>	<isCitizenOf>	<Greece>
<Chris_Kettings>	<isCitizenOf>	<Israel>
<Chris_Kettings>	<isCitizenOf>	<United_States>
<Bruno_Marioni>	<isCitizenOf>	<England>
<Gérson_Magrão>	<isCitizenOf>	<Australia>
<Billy_Davies>	<isCitizenOf>	<Norway>
<Greg_Pearson>	<isCitizenOf>	<Scotland>
<Courtney_Pitt>	<isCitizenOf>	<Spain>
<Michael_Chabon>	<isCitizenOf>	<United_States>
<Isaiah_Washington>	<isCitizenOf>	<United_States>
<Chris_Whyte>	<isCitizenOf>	<England>
<Chris_Whyte>	<isCitizenOf>	<Russia>
<George_Carlin>	<isCitizenOf>	<England>
<Dean_Hammond>	<isCitizenOf>	<Ukraine>
<Peter_Gilbert>	<isCitizenOf>	<Netherlands>
<Saša_Ilić_(footballer,_born_1972)>	<isCitizenOf>	<United_States>
<Eli_Wallach>	<isCitizenOf>	<Belgium>
<Cuca_(footballer)>	<isCitizenOf>	<Bulgaria>
<Jimmy_Gauld>	<isCitizenOf>	<United_Kingdom>
<John_Michael_Higgins>	<isCitizenOf>	<Jamaica>
<Billy_Hendry>	<isCitizenOf>	<Wales>
<Willem_Dafoe>	<isCitizenOf>	<United_States>
<David_Beckham>	<isCitizenOf>	<England>
<Lilo_&_Stitch>	<isCitizenOf>	<England>
<Mark_Bowen_(footballer)>	<isCitizenOf>	<United_States>
<Carole_Lombard>	<isCitizenOf>	<Scotland>
<Turkey>	<isCitizenOf>	<United_States>
<Juan_Esnáider>	<isCitizenOf>	<Russia>
<Macalester_College>	<isCitizenOf>	<Serbia>
<The_Surreal_Life>	<isCitizenOf>	<Iran>
<Ian_James_Corlett>	<isCitizenOf>	<United_States>
<Lee_Chapman>	<isCitizenOf>	<England>
<Union_of_South_Africa>	<isCitizenOf>	<Martinique>
<Lawrie_Madden>	<isCitizenOf>	<Scotland>
<Lawrie_Madden>	<isCitizenOf>	<United_States>
<Sylvia_Sidney>	<isCitizenOf>	<United_States>
<Jimmy_Kennedy_(footballer)>	<isCitizenOf>	<Netherlands>
<Meagan_Good>	<isCitizenOf>	<Sweden>
<Bridesmaids_(2011_film)>	<isCitizenOf>	<Italy>
<Djamel_Abdoun>	<isCitizenOf>	<Bulgaria>
<Grand_Rapids,_Michigan>	<isCitizenOf>	<Netherlands>
<Michael_Spillane_(footballer)>	<isCitizenOf>	<United_States>
<Pasquale_Foggia>	<isCitizenOf>	<India>
<Berkshire>	<isCitizenOf>	<United_States>
<Pat_Terry>	<isCitizenOf>	<United_States>
<Chris_Arthur>	<isCitizenOf>	<United_States>
<Joe_Anyinsah>	<isCitizenOf>	<England>
<Bon_Jovi>	<isCitizenOf>	<United_States>
<Youngstown,_Ohio>	<isCitizenOf>	<Serbia>
<Matt_Fry>	<isCitizenOf>	<United_States>
<Matt_Fry>	<isCitizenOf>	<Norway>
<Jermaine_Pennant>	<isCitizenOf>	<United_States>
<Garry_Chalk>	<isCitizenOf>	<France>
<Byron_Webster>	<isCitizenOf>	<United_States>
<Donal_Murphy>	<isCitizenOf>	<Republic_of_Ireland>
<Wayne_Clarke_(footballer)>	<isCitizenOf>	<England>
<Abigail_Breslin>	<isCitizenOf>	<United_States>
<Carlos_Bocanegra>	<isCitizenOf>	<England>
<Worcester_County,_Massachusetts>	<isCitizenOf>	<England>
<John_Turner_(footballer,_born_1954)>	<isCitizenOf>	<England>
<Giovani_dos_Santos>	<isCitizenOf>	<England>
<Julian_Joachim>	<isCitizenOf>	<Republic_of_Ireland>
<Rudi_Skácel>	<isCitizenOf>	<Switzerland>
<Donna_Summer>	<isCitizenOf>	<United_States>
<Keith_Edwards_(footballer,_born_1957)>	<isCitizenOf>	<Cape_Verde>
<Béla_Guttmann>	<isCitizenOf>	<Canada>
<Koei_Tecmo>	<isCitizenOf>	<Croatia>
<Clint_Eastwood>	<isCitizenOf>	<India>
<2013–14_chikungunya_outbreak>	<isCitizenOf>	<Russia>
<K.A.A._Gent>	<isCitizenOf>	<Switzerland>
<Simon_Cziommer>	<isCitizenOf>	<Denmark>
<Simeon_Hodson>	<isCitizenOf>	<United_Kingdom>
<Jason_Harris_(footballer,_born_1976)>	<isCitizenOf>	<Cyprus>
<Anthony_Williams_(footballer)>	<isCitizenOf>	<Scotland>
<Henry_James>	<isCitizenOf>	<England>
<Gordon_Hill_(footballer)>	<isCitizenOf>	<United_Kingdom>
<W._E._B._Du_Bois>	<isCitizenOf>	<United_States>
<Howard_Gordon>	<isCitizenOf>	<Canada>
<Eamonn_O'Keefe>	<isCitizenOf>	<United_States>
<Eamonn_O'Keefe>	<isCitizenOf>	<United_States>
<Aidan_Davison>	<isCitizenOf>	<Japan>
<Damjan_Đoković>	<isCitizenOf>	<Russia>
<Ralph_Fiennes>	<isCitizenOf>	<Netherlands>
<Kevin_Lisbie>	<isCitizenOf>	<United_Kingdom>
<Kevin_Lisbie>	<isCitizenOf>	<Switzerland>
<Jim_McDonagh>	<isCitizenOf>	<France>
<Paul_Wilson_(footballer,_born_1968)>	<isCitizenOf>	<Spain>
<Paul_Wilson_(footballer,_born_1968)>	<isCitizenOf>	<England>
<Pakistan>	<isCitizenOf>	<Netherlands>
<Jordan_Stewart_(footballer,_born_1982)>	<isCitizenOf>	<Bulgaria>
<Jordan_Stewart_(footballer,_born_1982)>	<isCitizenOf>	<United_States>
<Darren_Byfield>	<isCitizenOf>	<Austria>
<Canada>	<isCitizenOf>	<United_States>
<Savo_Pavićević>	<isCitizenOf>	<England>
<Savo_Pavićević>	<isCitizenOf>	<United_States>
<Vanderlei_Luxemburgo>	<isCitizenOf>	<England>
<Daniel_Inouye>	<isCitizenOf>	<Spain>
<Derek_Jacobi>	<isCitizenOf>	<Panama>
<Elizabeth_Banks>	<isCitizenOf>	<Scotland>
<Bill_McGarry>	<isCitizenOf>	<Italy>
<Guylain_Ndumbu-Nsungu>	<isCitizenOf>	<United_States>
<Bert_Powell>	<isCitizenOf>	<Argentina>
<Dave_Reeves>	<isCitizenOf>	<England>
<Jobi_McAnuff>	<isCitizenOf>	<Sweden>
<Jobi_McAnuff>	<isCitizenOf>	<Wales>
<Tony_Hateley>	<isCitizenOf>	<Spain>
<Tony_Hateley>	<isCitizenOf>	<Monaco>
<Andy_Todd_(footballer,_born_1974)>	<isCitizenOf>	<England>
<Sri_Lanka>	<isCitizenOf>	<Austria>
<Alex_MacDonald_(footballer,_born_1990)>	<isCitizenOf>	<United_States>
<Sid_Binks>	<isCitizenOf>	<United_States>
<Patricia_Arquette>	<isCitizenOf>	<Wales>
<Jeffrey_Jones>	<isCitizenOf>	<England>
<Branco_(footballer)>	<isCitizenOf>	<United_Kingdom>
<Wayne_Bridge>	<isCitizenOf>	<Germany>
<Wayne_Bridge>	<isCitizenOf>	<United_States>
<Alex_Borstein>	<isCitizenOf>	<Germany>
<Narada_Bernard>	<isCitizenOf>	<United_Kingdom>
<Narada_Bernard>	<isCitizenOf>	<England>
<Cristiano_Lucarelli>	<isCitizenOf>	<United_States>
<Edmonton_Eskimos>	<isCitizenOf>	<Cape_Verde>
<Abdulai_Bell-Baggie>	<isCitizenOf>	<United_States>
<Michael_Chopra>	<isCitizenOf>	<England>
<Michael_Chopra>	<isCitizenOf>	<Italy>
<Marion_County,_Florida>	<isCitizenOf>	<Scotland>
<2K_Games>	<isCitizenOf>	<India>
<Iain_Turner>	<isCitizenOf>	<England>
<Byzantine_Empire>	<isCitizenOf>	<United_Kingdom>
<Louis_Briscoe>	<isCitizenOf>	<United_Kingdom>
<Louis_Briscoe>	<isCitizenOf>	<England>
<Paul-José_M'Poku>	<isCitizenOf>	<United_States>
<Jack_Reynolds_(footballer,_born_1869)>	<isCitizenOf>	<England>
<Neil_Ramsbottom>	<isCitizenOf>	<England>
<Neil_Ramsbottom>	<isCitizenOf>	<United_States>
<Klaas-Jan_Huntelaar>	<isCitizenOf>	<England>
<Klaas-Jan_Huntelaar>	<isCitizenOf>	<United_Kingdom>
<Robert_Silverberg>	<isCitizenOf>	<France>
<Mark_Farrington>	<isCitizenOf>	<United_States>
<Giuseppe_Gemiti>	<isCitizenOf>	<Japan>
<Giuseppe_Gemiti>	<isCitizenOf>	<Jamaica>
<Tony_Currie_(footballer)>	<isCitizenOf>	<England>
<Tony_Currie_(footballer)>	<isCitizenOf>	<Monaco>
<Wikimedia_Foundation>	<isCitizenOf>	<United_States>
<Guinea-Bissau>	<isCitizenOf>	<Republic_of_Ireland>
<Dean_McDonald>	<isCitizenOf>	<England>
<United_Kingdom>	<isCitizenOf>	<England>
<Frank_Worthington>	<isCitizenOf>	<India>
<James_Blunt>	<isCitizenOf>	<England>
<Craig_Dobson>	<isCitizenOf>	<Scotland>
<Loïc_Rémy>	<isCitizenOf>	<United_States>
<In_Your_House>	<isCitizenOf>	<United_States>
<Mike_Salmon>	<isCitizenOf>	<Bangladesh>
<SkyTeam>	<isCitizenOf>	<Senegal>
<Megan_Fox>	<isCitizenOf>	<France>
<El_Hadji_Diouf>	<isCitizenOf>	<India>
<El_Hadji_Diouf>	<isCitizenOf>	<England>
<FC_Basel>	<isCitizenOf>	<Italy>
<Mike_Pollitt>	<isCitizenOf>	<Wales>
<Trevor_Aylott>	<isCitizenOf>	<United_States>
<Joe_Pasternak>	<isCitizenOf>	<Martinique>
<Emile_Hirsch>	<isCitizenOf>	<England>
<Toby_Ajala>	<isCitizenOf>	<Hungary>
<Stephen_Dawson>	<isCitizenOf>	<England>
<Kari_Wahlgren>	<isCitizenOf>	<United_States>
<Interscope_Records>	<isCitizenOf>	<Republic_of_the_Congo>
<Ireland>	<isCitizenOf>	<United_States>
<Denver_Nuggets>	<isCitizenOf>	<Scotland>
<Syria>	<isCitizenOf>	<Spain>
<Venezuela>	<isCitizenOf>	<United_States>
<Alessandro_Rosina>	<isCitizenOf>	<United_States>
<Valeri_Bojinov>	<isCitizenOf>	<Bangladesh>
<Gary_Mulligan>	<isCitizenOf>	<United_States>
<Aaron_Brown_(footballer,_born_1980)>	<isCitizenOf>	<Greece>
<Edward_Norton>	<isCitizenOf>	<Netherlands>
<Carl_Sagan>	<isCitizenOf>	<United_States>
<Stephen_Warnock>	<isCitizenOf>	<Bangladesh>
<Arthur_Miller>	<isCitizenOf>	<Belgium>
<Nora_Ephron>	<isCitizenOf>	<Germany>
<Dominic_West>	<isCitizenOf>	<Australia>
<Karim_Rekik>	<isCitizenOf>	<Australia>
<Ernie_Watkins_(footballer,_born_1898)>	<isCitizenOf>	<Greece>
<Larenz_Tate>	<isCitizenOf>	<Martinique>
<Greg_Mills_(footballer)>	<isCitizenOf>	<United_States>
<Chris_Brown_(footballer,_born_1984)>	<isCitizenOf>	<France>
<Chris_Brown_(footballer,_born_1984)>	<isCitizenOf>	<Spain>
<Dele_Adebola>	<isCitizenOf>	<Republic_of_Ireland>
<Boaz_Myhill>	<isCitizenOf>	<Scotland>
<Mike_Basham>	<isCitizenOf>	<United_States>
<Equatorial_Guinea>	<isCitizenOf>	<England>
<Coimbatore>	<isCitizenOf>	<United_States>
<Claude_Rains>	<isCitizenOf>	<England>
<Lee_Peltier>	<isCitizenOf>	<England>
<Chris_Makin>	<isCitizenOf>	<Scotland>
<Jack_Haines>	<isCitizenOf>	<England>
<Manny_Panther>	<isCitizenOf>	<United_States>
<Shirley_MacLaine>	<isCitizenOf>	<United_States>
<Ray_Haddington>	<isCitizenOf>	<Scotland>
<Ramón_Núñez>	<isCitizenOf>	<Scotland>
<Steve_Lovell_(Welsh_footballer)>	<isCitizenOf>	<Cape_Verde>
<Julian_Alsop>	<isCitizenOf>	<England>
<SV_Darmstadt_98>	<isCitizenOf>	<England>
<Transylvania>	<isCitizenOf>	<United_States>
<Columbia_University_Graduate_School_of_Journalism>	<isCitizenOf>	<England>
<Karan_Johar>	<isCitizenOf>	<United_States>
<Lomana_LuaLua>	<isCitizenOf>	<United_Kingdom>
<Bob_Fosse>	<isCitizenOf>	<United_Arab_Emirates>
<Rory_Fallon>	<isCitizenOf>	<Iran>
<Walon_Green>	<isCitizenOf>	<United_States>
<Snoop_Dogg>	<isCitizenOf>	<United_States>
<Elliot_Kebbie>	<isCitizenOf>	<United_States>
<Elliot_Kebbie>	<isCitizenOf>	<Greece>
<Lee_Turnbull_(footballer)>	<isCitizenOf>	<United_Kingdom>
<Lee_Turnbull_(footballer)>	<isCitizenOf>	<United_States>
<Paul_Rideout>	<isCitizenOf>	<England>
<James_Mason>	<isCitizenOf>	<Northern_Ireland>
<Alan_Fettis>	<isCitizenOf>	<England>
<Richard_Chamberlain>	<isCitizenOf>	<United_Kingdom>
<Philip_Pullman>	<isCitizenOf>	<England>
<Darko_Bodul>	<isCitizenOf>	<England>
<Neil_Ross>	<isCitizenOf>	<United_States>
<Dimitar_Makriev>	<isCitizenOf>	<Monaco>
<Belarus>	<isCitizenOf>	<United_States>
<Ian_Hendon>	<isCitizenOf>	<United_States>
<45th_Annual_Grammy_Awards>	<isCitizenOf>	<England>
<Adam_Virgo>	<isCitizenOf>	<Niger>
<Neil_Webb>	<isCitizenOf>	<United_States>
<Scott_Brown_(footballer,_born_April_1985)>	<isCitizenOf>	<Panama>
<Eminem>	<isCitizenOf>	<England>
<Danny_Cullip>	<isCitizenOf>	<Netherlands>
<Peter_Meehan>	<isCitizenOf>	<United_States>
<Lawrie_Madden>	<isCitizenOf>	<United_States>
<Jim_Goodwin>	<isCitizenOf>	<United_States>
<Chris_Allen_(footballer,_born_1972)>	<isCitizenOf>	<India>
<Vancouver_Canucks>	<isCitizenOf>	<Denmark>
<Paulo_César_Arruda_Parente>	<isCitizenOf>	<India>
<Lewis_Guy>	<isCitizenOf>	<Chile>
<Laurent_Robert>	<isCitizenOf>	<United_States>
<Andy_Ferrell>	<isCitizenOf>	<United_States>
<Sam_Jennings>	<isCitizenOf>	<England>
<Sam_Jennings>	<isCitizenOf>	<Australia>
<Sacha_Opinel>	<isCitizenOf>	<United_States>
<General_Dynamics>	<isCitizenOf>	<United_States>
<Animax>	<isCitizenOf>	<United_States>
<Brian_Pinas>	<isCitizenOf>	<France>
<Brian_Pinas>	<isCitizenOf>	<India>
<Tom_Cowan>	<isCitizenOf>	<United_States>
<Massachusetts>	<isCitizenOf>	<France>
<Tommy_Chong>	<isCitizenOf>	<United_States>
<Richie_Partridge>	<isCitizenOf>	<England>
<Diego_Perrone>	<isCitizenOf>	<Italy>
<Neil_Smith_(footballer)>	<isCitizenOf>	<Chile>
<Ned_Beatty>	<isCitizenOf>	<Belgium>
<Roberto_Benigni>	<isCitizenOf>	<Jamaica>
<John_Burridge>	<isCitizenOf>	<Sweden>
<Elia_Kazan>	<isCitizenOf>	<England>
<Islam_Feruz>	<isCitizenOf>	<Republic_of_Ireland>
<NBCUniversal>	<isCitizenOf>	<United_States>
<Giuseppe_Gemiti>	<isCitizenOf>	<Scotland>
<Jason_Lee_(footballer)>	<isCitizenOf>	<United_States>
<Eric_Jones_(footballer,_born_1915)>	<isCitizenOf>	<United_States>
<Scott_Canham>	<isCitizenOf>	<Italy>
<Marcel_Desailly>	<isCitizenOf>	<El_Salvador>
<Marcel_Desailly>	<isCitizenOf>	<England>
<Mickey_Evans_(footballer,_born_1973)>	<isCitizenOf>	<United_States>
<Felipe_Caicedo>	<isCitizenOf>	<England>
<Felipe_Caicedo>	<isCitizenOf>	<Belgium>
<Marco_Baroni>	<isCitizenOf>	<United_States>
<Mario_Bortolazzi>	<isCitizenOf>	<England>
<Dean_Morgan>	<isCitizenOf>	<Martinique>
<Don_Revie>	<isCitizenOf>	<United_States>
<Don_Revie>	<isCitizenOf>	<Canada>
<Billy_Manuel>	<isCitizenOf>	<Cyprus>
<Bertie_Brayley>	<isCitizenOf>	<England>
<Martin_Woods>	<isCitizenOf>	<United_States>
<Chris_Palmer_(footballer)>	<isCitizenOf>	<Cyprus>
<Youssouf_Hersi>	<isCitizenOf>	<England>
<Sam_Jennings>	<isCitizenOf>	<United_States>
<Kemy_Agustien>	<isCitizenOf>	<Ukraine>
<Kemy_Agustien>	<isCitizenOf>	<England>
<Chris_Allen_(footballer,_born_1972)>	<isCitizenOf>	<England>
<Chris_Allen_(footballer,_born_1972)>	<isCitizenOf>	<United_Kingdom>
<Kenya>	<isCitizenOf>	<India>
<Ashley_Grimes_(footballer,_born_1957)>	<isCitizenOf>	<Netherlands>
<Battle_of_France>	<isCitizenOf>	<United_States>
<Nolberto_Solano>	<isCitizenOf>	<Poland>
<Nolberto_Solano>	<isCitizenOf>	<Senegal>
<Gregg_Wylde>	<isCitizenOf>	<Belgium>
<Sophia_Loren>	<isCitizenOf>	<England>
<War_of_the_First_Coalition>	<isCitizenOf>	<Kazakhstan>
<Leroy_Lita>	<isCitizenOf>	<Brazil>
<Arcadia,_California>	<isCitizenOf>	<Wales>
<Jim_Fryatt>	<isCitizenOf>	<United_States>
<Stefano_Lombardi>	<isCitizenOf>	<England>
<Jimmy_Quinn_(footballer,_born_1959)>	<isCitizenOf>	<England>
<Mike_Nichols>	<isCitizenOf>	<United_States>
<Mark_Yates_(footballer)>	<isCitizenOf>	<United_Kingdom>
<Chiyoda,_Tokyo>	<isCitizenOf>	<United_States>
<Conor_Sammon>	<isCitizenOf>	<Canada>
<John_Fashanu>	<isCitizenOf>	<England>
<63rd_Academy_Awards>	<isCitizenOf>	<England>
<Paul_Jones_(footballer,_born_1967)>	<isCitizenOf>	<Mali>
<Walt_Disney_Studios_Motion_Pictures>	<isCitizenOf>	<United_Kingdom>
<Tommy_Tynan>	<isCitizenOf>	<Netherlands>
<Georgi_Donkov>	<isCitizenOf>	<France>
<Louie_Soares>	<isCitizenOf>	<England>
<Axis_powers>	<isCitizenOf>	<Wales>
<Kingdom_of_Naples>	<isCitizenOf>	<England>
<Reg_Keating>	<isCitizenOf>	<United_States>
<Reg_Keating>	<isCitizenOf>	<United_Kingdom>
<Kevin_Summerfield>	<isCitizenOf>	<England>
<Giuseppe_Gemiti>	<isCitizenOf>	<England>
<Giuseppe_Gemiti>	<isCitizenOf>	<United_States>
<Colin_Larkin_(footballer)>	<isCitizenOf>	<United_States>
<Colin_Larkin_(footballer)>	<isCitizenOf>	<Scotland>
<Drenthe>	<isCitizenOf>	<France>
<Peter_Dougall>	<isCitizenOf>	<Cameroon>
<Peter_Dougall>	<isCitizenOf>	<Netherlands>
<Alex_Graves>	<isCitizenOf>	<United_States>
<Nialle_Rodney>	<isCitizenOf>	<United_States>
<Paul_Gascoigne>	<isCitizenOf>	<Canada>
<Simon_Callow>	<isCitizenOf>	<United_States>
<Matt_Fish_(footballer)>	<isCitizenOf>	<England>
<Thomas_Brodie-Sangster>	<isCitizenOf>	<Greece>
<Mohamed_Sissoko>	<isCitizenOf>	<Italy>
<John_Barnes_(footballer)>	<isCitizenOf>	<El_Salvador>
<Richard_Dreyfuss>	<isCitizenOf>	<Wales>
<Luc_Besson>	<isCitizenOf>	<Puerto_Rico>
<New_Rochelle,_New_York>	<isCitizenOf>	<Monaco>
<Jimmy_Miller_(footballer)>	<isCitizenOf>	<Netherlands>
<Carole_Lombard>	<isCitizenOf>	<Scotland>
<Frank_Fielding>	<isCitizenOf>	<England>
<Sangamon_County,_Illinois>	<isCitizenOf>	<India>
<United_Nations_Operation_in_Somalia_II>	<isCitizenOf>	<Scotland>
<Stefano_Lombardi>	<isCitizenOf>	<France>
<Milwaukee_County,_Wisconsin>	<isCitizenOf>	<Italy>
<Kyle_Letheren>	<isCitizenOf>	<Hungary>
<Kyle_Letheren>	<isCitizenOf>	<United_States>
<Alexander_Hleb>	<isCitizenOf>	<United_States>
<Scott_Loach>	<isCitizenOf>	<Germany>
<Nathan_Koo-Boothe>	<isCitizenOf>	<England>
<Carl_Dickinson>	<isCitizenOf>	<United_Kingdom>
<Joe_Walters_(footballer)>	<isCitizenOf>	<Jamaica>
<Chris_Herd>	<isCitizenOf>	<England>
<Chris_Herd>	<isCitizenOf>	<United_States>
<Brendan_Gleeson>	<isCitizenOf>	<Niger>
<Michael_Gray_(footballer)>	<isCitizenOf>	<England>
<Netherlands>	<isCitizenOf>	<England>
<Jane_Lynch>	<isCitizenOf>	<United_States>
<Mich>	<isCitizenOf>	<India>
<Gary_Jones_(footballer,_born_1969)>	<isCitizenOf>	<Canada>
<Gary_Jones_(footballer,_born_1969)>	<isCitizenOf>	<Jamaica>
<Kim_Grant_(footballer)>	<isCitizenOf>	<France>
<Gavin_Heeroo>	<isCitizenOf>	<United_Kingdom>
<Peter_Meehan>	<isCitizenOf>	<Sweden>
<Bas-Rhin>	<isCitizenOf>	<England>
<Matt_Clarke_(footballer,_born_1973)>	<isCitizenOf>	<Monaco>
<Giuseppe_Greco_(footballer,_born_1983)>	<isCitizenOf>	<Netherlands>
<Asmir_Begović>	<isCitizenOf>	<United_States>
<Asmir_Begović>	<isCitizenOf>	<India>
<Glen_Johnson>	<isCitizenOf>	<Russia>
<Glen_Johnson>	<isCitizenOf>	<England>
<Rubén_González_Rocha>	<isCitizenOf>	<England>
<Taking_Woodstock>	<isCitizenOf>	<France>
<James_Rebhorn>	<isCitizenOf>	<Wales>
<Dennis_Bailey_(footballer,_born_1965)>	<isCitizenOf>	<United_States>
<Greenwood,_Mississippi>	<isCitizenOf>	<Cape_Verde>
<Bartholomew_Ogbeche>	<isCitizenOf>	<El_Salvador>
<Bartholomew_Ogbeche>	<isCitizenOf>	<Denmark>
<Allen_McKnight>	<isCitizenOf>	<United_States>
<Allen_McKnight>	<isCitizenOf>	<England>
<Peter_Berg>	<isCitizenOf>	<Russia>
<Dimitris_Nalitzis>	<isCitizenOf>	<Netherlands>
<Dimitris_Nalitzis>	<isCitizenOf>	<England>
<Mark_Stein_(footballer)>	<isCitizenOf>	<Belgium>
<Mark_Stein_(footballer)>	<isCitizenOf>	<Netherlands>
<Mychael_Danna>	<isCitizenOf>	<England>
<Éder_(Italian_footballer)>	<isCitizenOf>	<England>
<Lilian_Nalis>	<isCitizenOf>	<United_Kingdom>
<Aldo_Duscher>	<isCitizenOf>	<United_States>
<Rashida_Jones>	<isCitizenOf>	<United_Kingdom>
<Amarildo_Tavares_da_Silveira>	<isCitizenOf>	<United_States>
<Amarildo_Tavares_da_Silveira>	<isCitizenOf>	<United_States>
<César_Prates>	<isCitizenOf>	<France>
<Sanctuary_Records>	<isCitizenOf>	<Ukraine>
<Magno_Vieira>	<isCitizenOf>	<Russia>
<Road_to_Ultra>	<isCitizenOf>	<Netherlands>
<Carlo_Nash>	<isCitizenOf>	<United_Kingdom>
<Colin_Gordon_(footballer)>	<isCitizenOf>	<United_Kingdom>
<Chris_Withe>	<isCitizenOf>	<United_States>
<Yale_School_of_Medicine>	<isCitizenOf>	<France>
<Dennis_Wann>	<isCitizenOf>	<United_States>
<John_Malkovich>	<isCitizenOf>	<Ukraine>
<Youssef_El_Akchaoui>	<isCitizenOf>	<England>
<Joe_Garner>	<isCitizenOf>	<Jamaica>
<Patrick_Kanyuka>	<isCitizenOf>	<United_States>
<Rebecca_Hall>	<isCitizenOf>	<Hungary>
<Thomas_Ian_Nicholas>	<isCitizenOf>	<Italy>
<Arthur_Beadsworth>	<isCitizenOf>	<Serbia>
<Michele_Serena>	<isCitizenOf>	<United_States>
<Michele_Serena>	<isCitizenOf>	<England>
<Joleon_Lescott>	<isCitizenOf>	<United_Kingdom>
<Simon_Walton>	<isCitizenOf>	<United_States>
<Ghana>	<isCitizenOf>	<Spain>
<Armenia>	<isCitizenOf>	<Netherlands>
<Marco_Motta>	<isCitizenOf>	<Scotland>
<Jonathan_Hunt_(footballer)>	<isCitizenOf>	<Netherlands>
<Jonathan_Hunt_(footballer)>	<isCitizenOf>	<England>
<Damon_Lindelof>	<isCitizenOf>	<United_States>
<Marc_North>	<isCitizenOf>	<England>
<Izzy_Iriekpen>	<isCitizenOf>	<Australia>
<Izzy_Iriekpen>	<isCitizenOf>	<Argentina>
<Blerim_Džemaili>	<isCitizenOf>	<Wales>
<Neil_Lennon>	<isCitizenOf>	<United_States>
<Neil_Lennon>	<isCitizenOf>	<Italy>
<John_Kelly_(footballer,_born_1960)>	<isCitizenOf>	<France>
<John_Kelly_(footballer,_born_1960)>	<isCitizenOf>	<Belgium>
<Martin_Short>	<isCitizenOf>	<Germany>
<Martin_Thomas_(footballer,_born_1959)>	<isCitizenOf>	<Argentina>
<Trevor_Ross>	<isCitizenOf>	<United_States>
<Neil_Shipperley>	<isCitizenOf>	<Republic_of_Ireland>
<Michael_Bridges>	<isCitizenOf>	<England>
<Pablo_Contreras>	<isCitizenOf>	<Austria>
<Pablo_Contreras>	<isCitizenOf>	<Argentina>
<Tony_Grealish>	<isCitizenOf>	<Poland>
<Tony_Grealish>	<isCitizenOf>	<United_States>
<Ludwig_Wittgenstein>	<isCitizenOf>	<United_States>
<Peter_Barnes_(footballer)>	<isCitizenOf>	<United_States>
<Danny_Haynes>	<isCitizenOf>	<Senegal>
<Yoko_Ono>	<isCitizenOf>	<United_Kingdom>
<Matthew_McConaughey>	<isCitizenOf>	<England>
<Howard_Shore>	<isCitizenOf>	<England>
<Innsbruck>	<isCitizenOf>	<England>
<Graham_Potter>	<isCitizenOf>	<Republic_of_the_Congo>
<Simon_Whaley>	<isCitizenOf>	<England>
<Nick_Pope_(footballer)>	<isCitizenOf>	<United_Kingdom>
<Rick_Rubin>	<isCitizenOf>	<England>
<Roy_Carroll>	<isCitizenOf>	<Iran>
<Roy_Carroll>	<isCitizenOf>	<Russia>
<Surrey,_British_Columbia>	<isCitizenOf>	<England>
<Santa_Monica,_California>	<isCitizenOf>	<England>
<Eiður_Guðjohnsen>	<isCitizenOf>	<Wales>
<Barry_Levinson>	<isCitizenOf>	<England>
<Iraq_War>	<isCitizenOf>	<Greece>
<Moses_Sakyi>	<isCitizenOf>	<Scotland>
<2009_Iranian_presidential_election_protests>	<isCitizenOf>	<United_States>
<Lee_Holmes>	<isCitizenOf>	<United_States>
<Peter_Falk>	<isCitizenOf>	<United_States>
<Dejan_Petković>	<isCitizenOf>	<United_States>
<Dejan_Petković>	<isCitizenOf>	<United_States>
<Charles_Rosher>	<isCitizenOf>	<Sweden>
<Colombia>	<isCitizenOf>	<United_Kingdom>
<Colin_Miller_(soccer)>	<isCitizenOf>	<Cyprus>
<Colin_Miller_(soccer)>	<isCitizenOf>	<England>
<Noel_Whelan_(footballer)>	<isCitizenOf>	<Australia>
<Marco_Negri>	<isCitizenOf>	<England>
<Ballet_Shoes_(film)>	<isCitizenOf>	<Cape_Verde>
<Elizabeth_Taylor>	<isCitizenOf>	<United_States>
<Simon_Webster_(footballer)>	<isCitizenOf>	<Netherlands>
<The_Vow_(2012_film)>	<isCitizenOf>	<Martinique>
<Jon_Sheffield>	<isCitizenOf>	<Austria>
<Shanghai_Greenland_Shenhua_F.C.>	<isCitizenOf>	<United_States>
<Martin_Paterson>	<isCitizenOf>	<England>
<Roy_O'Donovan>	<isCitizenOf>	<United_States>
<Patrick_van_Aanholt>	<isCitizenOf>	<Scotland>
<Peter_Ustinov>	<isCitizenOf>	<Germany>
<Steve_Howey_(footballer)>	<isCitizenOf>	<United_States>
<Steve_Howey_(footballer)>	<isCitizenOf>	<United_States>
<Judi_Dench>	<isCitizenOf>	<United_States>
<Barry_Richardson_(English_footballer)>	<isCitizenOf>	<United_States>
<Clive_Barker>	<isCitizenOf>	<England>
<John_Seasman>	<isCitizenOf>	<United_States>
<James_Woods>	<isCitizenOf>	<England>
<Chukki_Eribenne>	<isCitizenOf>	<Democratic_Republic_of_the_Congo>
<Chukki_Eribenne>	<isCitizenOf>	<Chile>
<Gary_Phillips_(footballer)>	<isCitizenOf>	<England>
<Gary_Phillips_(footballer)>	<isCitizenOf>	<England>
<Anonymous_(film)>	<isCitizenOf>	<England>
<Shane_Lowry_(footballer)>	<isCitizenOf>	<United_States>
<Shirley_Ann_Russell>	<isCitizenOf>	<Republic_of_the_Congo>
<Raïs_M'Bolhi>	<isCitizenOf>	<Poland>
<Marc_Richards>	<isCitizenOf>	<United_States>
<Marc_Richards>	<isCitizenOf>	<United_States>
<Mick_Kennedy>	<isCitizenOf>	<Israel>
<Mick_Kennedy>	<isCitizenOf>	<Argentina>
<Gavin_Mahon>	<isCitizenOf>	<England>
<Lee_McEvilly>	<isCitizenOf>	<England>
<Ralph_Fiennes>	<isCitizenOf>	<India>
<Kuwait>	<isCitizenOf>	<United_States>
<Klaus_Badelt>	<isCitizenOf>	<England>
<Evan_Rachel_Wood>	<isCitizenOf>	<Italy>
<Joe_Johnson_(footballer,_born_1911)>	<isCitizenOf>	<India>
<John_Michael_Higgins>	<isCitizenOf>	<England>
<Wayne_Biggins>	<isCitizenOf>	<Belgium>
<Jennifer_Connelly>	<isCitizenOf>	<England>
<Scott_Shearer>	<isCitizenOf>	<Russia>
<Scott_Shearer>	<isCitizenOf>	<England>
<Kevin_Spacey>	<isCitizenOf>	<Niger>
<Nile_Ranger>	<isCitizenOf>	<Scotland>
<Ryan_Brunt_(footballer)>	<isCitizenOf>	<Japan>
<2010_Winter_Olympics>	<isCitizenOf>	<England>
<Richard_Jobson_(footballer)>	<isCitizenOf>	<Wales>
<Richard_Jobson_(footballer)>	<isCitizenOf>	<Italy>
<Shirley_MacLaine>	<isCitizenOf>	<Netherlands>
<Angela_Lansbury>	<isCitizenOf>	<Israel>
<Ben_Roberts_(footballer)>	<isCitizenOf>	<Netherlands>
<George_Berry_(footballer)>	<isCitizenOf>	<England>
<Nigel_Gleghorn>	<isCitizenOf>	<England>
<Nigel_Gleghorn>	<isCitizenOf>	<United_States>
<Michael_Shannon>	<isCitizenOf>	<United_States>
<Dean_Holdsworth>	<isCitizenOf>	<United_States>
<James_Riley_(soccer)>	<isCitizenOf>	<United_States>
<James_Riley_(soccer)>	<isCitizenOf>	<England>
<Evander_Sno>	<isCitizenOf>	<United_States>
<Evander_Sno>	<isCitizenOf>	<Iran>
<Jason_Banton>	<isCitizenOf>	<Austria>
<Dean_Saunders>	<isCitizenOf>	<England>
<Cristian_Bucchi>	<isCitizenOf>	<England>
<Cristian_Bucchi>	<isCitizenOf>	<Scotland>
<Ludwig_Wittgenstein>	<isCitizenOf>	<United_States>
<Peter_Crouch>	<isCitizenOf>	<England>
<Peter_Crouch>	<isCitizenOf>	<England>
<Alex_Mathie>	<isCitizenOf>	<England>
<Paul_Marshall_(footballer)>	<isCitizenOf>	<Sweden>
<Barry_Robson>	<isCitizenOf>	<Denmark>
<Jack_Nicholson>	<isCitizenOf>	<England>
<Bob_Curry>	<isCitizenOf>	<United_Kingdom>
<Colin_Hendry>	<isCitizenOf>	<Ukraine>
<Mandatory_Palestine>	<isCitizenOf>	<United_Kingdom>
<Kansas_City,_Missouri>	<isCitizenOf>	<Bahrain>
<Wehrmacht>	<isCitizenOf>	<Netherlands>
<Nicolas_Anelka>	<isCitizenOf>	<England>
<Nicolas_Anelka>	<isCitizenOf>	<Japan>
<Michael_Blackwood_(footballer)>	<isCitizenOf>	<Spain>
<George_McNestry>	<isCitizenOf>	<Scotland>
<George_McNestry>	<isCitizenOf>	<France>
<Dave_Regis>	<isCitizenOf>	<Argentina>
<Dave_Regis>	<isCitizenOf>	<United_Kingdom>
<Jajá>	<isCitizenOf>	<Italy>
<Ottoman_Empire>	<isCitizenOf>	<United_States>
<Nicky_Shorey>	<isCitizenOf>	<England>
<John_Hendry_(footballer)>	<isCitizenOf>	<Belgium>
<Chicago_metropolitan_area>	<isCitizenOf>	<England>
<Jack_Nicholson>	<isCitizenOf>	<Austria>
<Rob_Burch_(footballer)>	<isCitizenOf>	<England>
<Ian_Stevens_(footballer)>	<isCitizenOf>	<Jamaica>
<Gary_McSheffrey>	<isCitizenOf>	<United_Kingdom>
<Raphael_Meade>	<isCitizenOf>	<United_States>
<Jane_Espenson>	<isCitizenOf>	<Switzerland>
<Clyde_Wijnhard>	<isCitizenOf>	<Italy>
<Jim_McCalliog>	<isCitizenOf>	<England>
<Viggo_Mortensen>	<isCitizenOf>	<United_States>
<Ademola_Bankole>	<isCitizenOf>	<United_States>
<New_Brunswick>	<isCitizenOf>	<England>
<Emma_Thompson>	<isCitizenOf>	<England>
<War_of_the_First_Coalition>	<isCitizenOf>	<Scotland>
<Peter_Skipper>	<isCitizenOf>	<England>
<Kaba_Diawara>	<isCitizenOf>	<United_States>
<Iván_Kaviedes>	<isCitizenOf>	<Belgium>
<Iván_Kaviedes>	<isCitizenOf>	<United_States>
<British_Columbia>	<isCitizenOf>	<United_Kingdom>
<Cory_Gibbs>	<isCitizenOf>	<England>
<Cory_Gibbs>	<isCitizenOf>	<England>
<Kane_Ferdinand>	<isCitizenOf>	<India>
<Kane_Ferdinand>	<isCitizenOf>	<England>
<James_Dunne>	<isCitizenOf>	<Argentina>
<David_Lee_(footballer,_born_1980)>	<isCitizenOf>	<Puerto_Rico>
<David_Lee_(footballer,_born_1980)>	<isCitizenOf>	<Netherlands>
<Brad_Jones_(footballer)>	<isCitizenOf>	<Greece>
<Nintendo_World_Championships>	<isCitizenOf>	<United_Kingdom>
<Long_Turkish_War>	<isCitizenOf>	<United_States>
<Ryan_Burge>	<isCitizenOf>	<Belgium>
<Romania>	<isCitizenOf>	<Brazil>
<Paul_Kinnaird>	<isCitizenOf>	<Israel>
<Stuart_Parker_(footballer)>	<isCitizenOf>	<Netherlands>
<Elvis_Costello>	<isCitizenOf>	<United_States>
<Ben_Hamer>	<isCitizenOf>	<England>
<Hans_Zimmer>	<isCitizenOf>	<England>
<Wendy_Melvoin>	<isCitizenOf>	<Martinique>
<Bas_Savage>	<isCitizenOf>	<United_States>
<Paul_Auster>	<isCitizenOf>	<Cape_Verde>
<Luciano_Figueroa>	<isCitizenOf>	<Argentina>
<Michael_Owen>	<isCitizenOf>	<England>
<Paul_Sorvino>	<isCitizenOf>	<United_States>
<Leighton_James>	<isCitizenOf>	<United_States>
<Leighton_James>	<isCitizenOf>	<Wales>
<Tommy_Wright_(footballer,_born_1963)>	<isCitizenOf>	<United_Kingdom>
<Peter_Beagrie>	<isCitizenOf>	<Netherlands>
<Peter_Beagrie>	<isCitizenOf>	<United_States>
<Jimmy_Spencer_(footballer)>	<isCitizenOf>	<Canada>
<Tarcisio_Burgnich>	<isCitizenOf>	<Nigeria>
<Martin_Jol>	<isCitizenOf>	<England>
<Martin_Jol>	<isCitizenOf>	<United_States>
<Nobel_Prize_in_Physiology_or_Medicine>	<isCitizenOf>	<England>
<Ben_Purkiss>	<isCitizenOf>	<Scotland>
<Rob_Page>	<isCitizenOf>	<United_States>
<Rob_Page>	<isCitizenOf>	<United_States>
<Luis_Alonso_Sandoval>	<isCitizenOf>	<Sweden>
<David_Martin_(footballer,_born_1986)>	<isCitizenOf>	<Scotland>
<Alan_Silvestri>	<isCitizenOf>	<Denmark>
<Cristian_Montaño>	<isCitizenOf>	<Ukraine>
<Gary_Shelton>	<isCitizenOf>	<United_States>
<Sean_Hayes_(actor)>	<isCitizenOf>	<Argentina>
<Dorothy_Fields>	<isCitizenOf>	<England>
<Jason_Flemyng>	<isCitizenOf>	<England>
<Stewart_Littlewood>	<isCitizenOf>	<England>
<Denmark>	<isCitizenOf>	<England>
<Maicon_Santos>	<isCitizenOf>	<United_States>
<Terry_Lees>	<isCitizenOf>	<Cyprus>
<Terry_Lees>	<isCitizenOf>	<England>
<Maggie_Smith>	<isCitizenOf>	<United_Kingdom>
<Michael_Spies>	<isCitizenOf>	<Iran>
<Gainesville,_Florida>	<isCitizenOf>	<United_Kingdom>
<Frances_Marion>	<isCitizenOf>	<Greece>
<War_of_1812>	<isCitizenOf>	<Russia>
<John_McGuigan>	<isCitizenOf>	<Cameroon>
<Simon_Gillett>	<isCitizenOf>	<Scotland>
<Nathaniel_Mendez-Laing>	<isCitizenOf>	<Republic_of_Ireland>
<Concord,_New_Hampshire>	<isCitizenOf>	<England>
<Felipe_Melo>	<isCitizenOf>	<United_Kingdom>
<Vera_Drake>	<isCitizenOf>	<Russia>
<Trent_Reznor>	<isCitizenOf>	<United_States>
<Lake_Erie>	<isCitizenOf>	<Italy>
<Graham_Greene_(actor)>	<isCitizenOf>	<United_Kingdom>
<Jayden_Stockley>	<isCitizenOf>	<Bahrain>
<Paul_Butler_(footballer,_born_1972)>	<isCitizenOf>	<Jamaica>
<Robert_Earnshaw>	<isCitizenOf>	<Scotland>
<Danny_Elfman>	<isCitizenOf>	<Belgium>
<Patrick_Suffo>	<isCitizenOf>	<England>
<Confederate_States_of_America>	<isCitizenOf>	<England>
<Kenny_Cooper>	<isCitizenOf>	<England>
<Adel_Taarabt>	<isCitizenOf>	<Netherlands>
<Lily_Tomlin>	<isCitizenOf>	<United_States>
<Osvaldo_Ardiles>	<isCitizenOf>	<United_States>
<General_Electric>	<isCitizenOf>	<England>
<Rajasthan>	<isCitizenOf>	<England>
<King_Records_(United_States)>	<isCitizenOf>	<England>
<Steve_Robinson_(Northern_Ireland_footballer)>	<isCitizenOf>	<England>
<John_Lowey_(footballer)>	<isCitizenOf>	<England>
<Scott_Davies_(footballer,_born_1988)>	<isCitizenOf>	<United_States>
<Allen_McKnight>	<isCitizenOf>	<England>
<Boise_State_University>	<isCitizenOf>	<Italy>
<Vince_Gilligan>	<isCitizenOf>	<Puerto_Rico>
<Michele_Serena>	<isCitizenOf>	<United_States>
<Miguel_de_Cervantes>	<isCitizenOf>	<England>
<Ally_Graham>	<isCitizenOf>	<England>
<Ally_Graham>	<isCitizenOf>	<Italy>
<Wuhan>	<isCitizenOf>	<United_Kingdom>
<Peter_Taylor_(footballer,_born_1953)>	<isCitizenOf>	<United_States>
<Nick_Proschwitz>	<isCitizenOf>	<Cyprus>
<Nick_Proschwitz>	<isCitizenOf>	<Greece>
<Daniel_Nardiello>	<isCitizenOf>	<United_Kingdom>
<Worthing>	<isCitizenOf>	<United_States>
<Inyo_County,_California>	<isCitizenOf>	<United_States>
<Mark_Stein_(footballer)>	<isCitizenOf>	<Netherlands>
<Richard_Jenkins>	<isCitizenOf>	<United_States>
<Carl_Tiler>	<isCitizenOf>	<Austria>
<Carl_Tiler>	<isCitizenOf>	<United_States>
<Citrus_County,_Florida>	<isCitizenOf>	<Germany>
<Diane_Warren>	<isCitizenOf>	<United_Kingdom>
<Saint_Petersburg_State_University>	<isCitizenOf>	<United_States>
<Dave_Grohl>	<isCitizenOf>	<India>
<Electric_Daisy_Carnival>	<isCitizenOf>	<United_States>
<John_Sutton_(footballer)>	<isCitizenOf>	<Cyprus>
<Sam_Neill>	<isCitizenOf>	<England>
<Santa_Rosa,_California>	<isCitizenOf>	<United_States>
<Algeria>	<isCitizenOf>	<Austria>
<John_Keeley>	<isCitizenOf>	<Republic_of_Ireland>
<Robert_A._Heinlein>	<isCitizenOf>	<England>
<Japan>	<isCitizenOf>	<United_States>
<Thomas_Newman>	<isCitizenOf>	<Russia>
<Dave_Martin_(footballer,_born_1963)>	<isCitizenOf>	<Iran>
<John_Rawls>	<isCitizenOf>	<United_Kingdom>
<Stuart_Cash>	<isCitizenOf>	<England>
<El_Salvador>	<isCitizenOf>	<England>
<Matteo_Brighi>	<isCitizenOf>	<Wales>
<Victor_Sikora>	<isCitizenOf>	<England>
<Victor_Sikora>	<isCitizenOf>	<United_States>
<Mike_Stowell>	<isCitizenOf>	<England>
<Bill_Pendergast>	<isCitizenOf>	<England>
<Dele_Adebola>	<isCitizenOf>	<Puerto_Rico>
<Wally_Bellett>	<isCitizenOf>	<England>
<Wally_Bellett>	<isCitizenOf>	<United_States>
<Jimmy_Rayner>	<isCitizenOf>	<Cape_Verde>
<Jimmy_Rayner>	<isCitizenOf>	<Republic_of_the_Congo>
<Ian_Miller_(footballer,_born_1955)>	<isCitizenOf>	<United_States>
<Ian_Miller_(footballer,_born_1955)>	<isCitizenOf>	<United_States>
<Mark_Wilson_(English_footballer)>	<isCitizenOf>	<Jamaica>
<Duncan_McKenzie>	<isCitizenOf>	<Slovenia>
<Lucas_Silva_(footballer,_born_1984)>	<isCitizenOf>	<Republic_of_the_Congo>
<Bruce_Dyer>	<isCitizenOf>	<Jamaica>
<Bruce_Dyer>	<isCitizenOf>	<Republic_of_Ireland>
<Keith_Lowe_(footballer)>	<isCitizenOf>	<India>
<30_Days_of_Night_(film)>	<isCitizenOf>	<Japan>
<Steve_Guinan>	<isCitizenOf>	<Republic_of_Ireland>
<Mel_Gibson>	<isCitizenOf>	<England>
<Adam_Hammill>	<isCitizenOf>	<Belgium>
<Adam_Hammill>	<isCitizenOf>	<United_Kingdom>
<John_Roberts_(footballer,_born_1946)>	<isCitizenOf>	<Republic_of_Ireland>
<Richie_Partridge>	<isCitizenOf>	<Russia>
<Craig_Rocastle>	<isCitizenOf>	<England>
<Riccardo_Meggiorini>	<isCitizenOf>	<Germany>
<Emerson_(footballer,_born_1976)>	<isCitizenOf>	<Germany>
<EasyJet>	<isCitizenOf>	<United_Kingdom>
<North_Dakota>	<isCitizenOf>	<United_States>
<Geoff_Horsfield>	<isCitizenOf>	<Germany>
<Danny_Granville>	<isCitizenOf>	<Niger>
<Michael_Blackwood_(footballer)>	<isCitizenOf>	<Ukraine>
<Joe_Lewis_(footballer)>	<isCitizenOf>	<United_Arab_Emirates>
<82nd_Academy_Awards>	<isCitizenOf>	<Scotland>
<Nicolas_Cage>	<isCitizenOf>	<United_States>
<Tim_Curry>	<isCitizenOf>	<Bulgaria>
<Lindsay_Lohan>	<isCitizenOf>	<Russia>
<Ian_Redford>	<isCitizenOf>	<Niger>
<Sierra_Entertainment>	<isCitizenOf>	<United_States>
<Sanmi_Odelusi>	<isCitizenOf>	<United_States>
<Lee_Thorpe>	<isCitizenOf>	<United_States>
<Rabindranath_Tagore>	<isCitizenOf>	<Slovenia>
<Los_Lobos>	<isCitizenOf>	<England>
<Fergie_(singer)>	<isCitizenOf>	<United_States>
<Paul_Gerrard>	<isCitizenOf>	<United_States>
<Paul_Gerrard>	<isCitizenOf>	<Russia>
<George_Kirby_(footballer)>	<isCitizenOf>	<England>
<The_Rainmaker_(1997_film)>	<isCitizenOf>	<Japan>
<Danijel_Pranjić>	<isCitizenOf>	<United_States>
<Danijel_Pranjić>	<isCitizenOf>	<England>
<Ciarán_Toner>	<isCitizenOf>	<England>
<George_Stevens>	<isCitizenOf>	<England>
<Richard_O'Donnell>	<isCitizenOf>	<Sweden>
<KV_Mechelen>	<isCitizenOf>	<Republic_of_Ireland>
<Tony_Lormor>	<isCitizenOf>	<Netherlands>
<Felix_Bastians>	<isCitizenOf>	<United_Kingdom>
<Felix_Bastians>	<isCitizenOf>	<United_States>
<Jeff_Whitley>	<isCitizenOf>	<United_States>
<Andy_Saville>	<isCitizenOf>	<United_States>
<Andy_Saville>	<isCitizenOf>	<England>
<Costa_Rica>	<isCitizenOf>	<United_States>
<Ian_Harte>	<isCitizenOf>	<Scotland>
<Chicago>	<isCitizenOf>	<Panama>
<Junichi_Inamoto>	<isCitizenOf>	<Cape_Verde>
<Brian_Birch>	<isCitizenOf>	<Russia>
<Stuart_Hicks>	<isCitizenOf>	<England>
<Stuart_Hicks>	<isCitizenOf>	<United_States>
<Dave_Beasant>	<isCitizenOf>	<Australia>
<Dave_Beasant>	<isCitizenOf>	<France>
<Roque_Santa_Cruz>	<isCitizenOf>	<Scotland>
<Roque_Santa_Cruz>	<isCitizenOf>	<Poland>
<Anthony_Hopkins>	<isCitizenOf>	<United_States>
<Zé_Roberto>	<isCitizenOf>	<England>
<Zé_Roberto>	<isCitizenOf>	<Russia>
<Tom_Green>	<isCitizenOf>	<United_Arab_Emirates>
<Matt_Clarke_(footballer,_born_1973)>	<isCitizenOf>	<United_States>
<Trevor_Carson>	<isCitizenOf>	<United_States>
<Trevor_Carson>	<isCitizenOf>	<England>
<Carmine_Gautieri>	<isCitizenOf>	<Wales>
<Wayne_Brown_(footballer,_born_August_1977)>	<isCitizenOf>	<United_States>
<Eddie_McGoldrick>	<isCitizenOf>	<United_States>
<Weber_State_University>	<isCitizenOf>	<England>
<Ravi_Shankar>	<isCitizenOf>	<England>
<Michael_Cera>	<isCitizenOf>	<United_Kingdom>
<Mike_Pollitt>	<isCitizenOf>	<United_States>
<Mike_Pollitt>	<isCitizenOf>	<United_States>
<Kevin_Cooper_(footballer)>	<isCitizenOf>	<England>
<Ben_Gordon_(footballer,_born_1991)>	<isCitizenOf>	<United_Kingdom>
<Alexander_Payne>	<isCitizenOf>	<United_States>
<Alex_Manninger>	<isCitizenOf>	<Hungary>
<Sienna_Miller>	<isCitizenOf>	<Canada>
<Warner_Bros._Animation>	<isCitizenOf>	<Germany>
<Tom_Heaton>	<isCitizenOf>	<Scotland>
<Lee_Fowler>	<isCitizenOf>	<Serbia>
<Mark_Wilson_(English_footballer)>	<isCitizenOf>	<England>
<Nikola_Vujadinović>	<isCitizenOf>	<India>
<Guus_Hiddink>	<isCitizenOf>	<England>
<Guus_Hiddink>	<isCitizenOf>	<Scotland>
<Don_Weston>	<isCitizenOf>	<Italy>
<Guus_Hiddink>	<isCitizenOf>	<England>
<Dwane_Lee>	<isCitizenOf>	<England>
<Rosario_Dawson>	<isCitizenOf>	<England>
<Grzegorz_Szamotulski>	<isCitizenOf>	<United_States>
<The_Golden_Compass_(film)>	<isCitizenOf>	<England>
<Jason_Brown_(footballer)>	<isCitizenOf>	<Greece>
<Song_Chong-gug>	<isCitizenOf>	<Panama>
<Gary_Alexander_(footballer)>	<isCitizenOf>	<England>
<Percy_Whipp>	<isCitizenOf>	<India>
<Percy_Whipp>	<isCitizenOf>	<United_States>
<Hayden_Foxe>	<isCitizenOf>	<United_States>
<John_Ford>	<isCitizenOf>	<India>
<Chris_Kettings>	<isCitizenOf>	<Scotland>
<Toho>	<isCitizenOf>	<Sweden>
<Sydney_Pollack>	<isCitizenOf>	<Italy>
<Columbia,_South_Carolina>	<isCitizenOf>	<Netherlands>
<New_Bedford,_Massachusetts>	<isCitizenOf>	<Russia>
<Andy_Kennedy_(footballer,_born_1964)>	<isCitizenOf>	<Russia>
<Rachel_Portman>	<isCitizenOf>	<United_States>
<Sofia_Coppola>	<isCitizenOf>	<Austria>
<FC_Zenit_Saint_Petersburg>	<isCitizenOf>	<Sweden>
<Andy_Keogh>	<isCitizenOf>	<United_States>
<Stuart_McMillan_(footballer)>	<isCitizenOf>	<Wales>
<West_Java>	<isCitizenOf>	<United_States>
<Jon_Shaw>	<isCitizenOf>	<England>
<Gustave_Flaubert>	<isCitizenOf>	<Hungary>
<Jared_Borgetti>	<isCitizenOf>	<United_States>
<11Eleven_Project>	<isCitizenOf>	<England>
<Tom_Flanagan_(footballer)>	<isCitizenOf>	<United_Kingdom>
<Meryl_Streep>	<isCitizenOf>	<United_States>
<Ardent_Records>	<isCitizenOf>	<Argentina>
<Neil_Simon>	<isCitizenOf>	<England>
<Ryan_McCann>	<isCitizenOf>	<England>
<Brian_Murphy_(association_footballer)>	<isCitizenOf>	<England>
<Brian_Murphy_(association_footballer)>	<isCitizenOf>	<France>
<Russell_Coughlin>	<isCitizenOf>	<Australia>
<Russell_Coughlin>	<isCitizenOf>	<England>
<Nathan_Byrne>	<isCitizenOf>	<England>
<Cicely_Tyson>	<isCitizenOf>	<Israel>
<Philip_Yordan>	<isCitizenOf>	<England>
<Westminster_School>	<isCitizenOf>	<United_Kingdom>
<O'Neill_Donaldson>	<isCitizenOf>	<Austria>
<Bobby_Olejnik>	<isCitizenOf>	<United_States>
<United_States_Virgin_Islands>	<isCitizenOf>	<Wales>
<Carter_Burwell>	<isCitizenOf>	<England>
<Clyde_Wijnhard>	<isCitizenOf>	<England>
<Adrian_Viveash>	<isCitizenOf>	<England>
<Adrian_Viveash>	<isCitizenOf>	<Italy>
<Luís_Leal_(footballer)>	<isCitizenOf>	<United_States>
<Micky_Adams>	<isCitizenOf>	<United_States>
<Devin_Townsend>	<isCitizenOf>	<Wales>
<Greater_Sudbury>	<isCitizenOf>	<Netherlands>
<Anthony_Elding>	<isCitizenOf>	<United_States>
<Anthony_Elding>	<isCitizenOf>	<Martinique>
<Jaap_Stam>	<isCitizenOf>	<United_Kingdom>
<Jaap_Stam>	<isCitizenOf>	<India>
<Brian_Murphy_(association_footballer)>	<isCitizenOf>	<Greece>
<Dominican_Republic>	<isCitizenOf>	<United_States>
<Edward_Zwick>	<isCitizenOf>	<United_States>
